"ловить рыбу на удочку";"abfischen | akk
haben abgefischt
fischte ab"
"изображать";"abbilden | akk
haben abgebildet
bildete ab"
"сгибать";"abbiegen | akk,
haben abgebogen
bog ab"
"сплющивать";"abflachen | akk
haben abgeflacht
flachte ab"
"сдавать";"abgeben | akk
haben abgegeben
gab ab"
"размежёвывать";"abgrenzen | akk, von Dat
haben abgegrenzt
grenzte ab"
"метать икру";"ablaichen |
haben abgelaicht
laichte ab"
"сливать";"ablassen | akk
haben abgelassen
ließ ab"
"класть";"ablegen | akk
haben abgelegt
legte ab"
"получать";"ableiten | akk, von Dat
haben abgeleitet
leitete ab"
"изнашивать";"abnutzen | akk
haben abgenutzt
nutzte ab"
"срывать";"abpflücken | akk
haben abgepflückt
pflückte ab"
"сбивать";"abschlagen | akk
haben abgeschlagen
schlug ab"
"заканчивать";"abschließen | akk
haben abgeschlossen
schloss ab"
"смещать";"absetzen | akk
haben abgesetzt
setzte ab"
"запирать";"absperren | akk
haben abgesperrt
sperrte ab"
"отмирать";"absterben |
sein abgestorben
starb ab"
"отделять";"abtrennen | akk, von Dat
haben abgetrennt
trennte ab"
"прерывать беременность";"abtreiben |
haben abgetrieben
trieb ab"
"отлавливать на приманку";"abködern | akk
haben abgeködert
köderte ab"
"истекать";"ablaufen |
sein abgelaufen
lief ab"
"снимать";"abnehmen | akk, Dat
haben abgenommen
nahm ab"
"отделять";"abscheiden | akk, von Dat
haben abgeschieden
schied ab"
"торчать";"abstehen | von Dat
haben abgestanden
stand ab"
"вывозить";"abtransportieren | akk
haben abtransportiert
transportierte ab"
"отрастать";"abwachsen |
sein abgewachsen
wuchs ab"
"душить";"abwürgen | akk
haben abgewürgt
würgte ab"
"снимать";"abziehen | akk, Dat
haben abgezogen
zog ab"
"целиться";"abzielen | auf Akk
haben abgezielt
zielte ab"
"отклонять";"ablehnen | akk
haben abgelehnt
lehnte ab"
"смывать";"abschwemmen | akk
haben abgeschwemmt
schwemmte ab"
"предотвращать";"abwehren | akk
haben abgewehrt
wehrte ab"
"акустический";"akustisch |
akustisch
akustisch"
"привязывать";"anbinden | akk, an Akk
haben angebunden
band an"
"другой";"andere |
andere
andere"
"изменяться";"ändern | akk
haben geändert
änderte"
"присваивать";"aneignen | akk, Dat
haben angeeignet
eignete an"
"признавать";"anerkennen | akk,
haben anerkannt
erkannte an"
"увлажнять";"anfeuchten | akk
haben angefeuchtet
feuchtete an"
"предлагать";"anbieten | akk, Dat
haben angeboten
bot an"
"прикреплять";"anbringen | akk, an Akk
haben angebracht
brachte an"
"привязанный";"angebunden |
haben angebunden
band an"
"трогать";"anfassen | akk
haben angefasst
fasste an"
"указанный";"angegeben |
haben angegeben
gab an"
"прикреплять";"anheften | akk, an Akk
haben angeheftet
heftete an"
"высаживать на берег";"anlanden |
sein angelandet
landete an"
"устраивать";"anlegen | akk
haben angelegt
legte an"
"ловить рыбу на удочку";"angeln | akk, nach Dat
haben geangelt
angelte"
"ловить рыбу на удочку";"angeln | nach Dat
haben geangelt
angelte"
"принимать";"annehmen | akk
haben angenommen
nahm an"
"упорядоченный";"angeordnet |
haben angeordnet
ordnete an"
"подгонять";"anpassen | akk, Dat, an Akk
haben angepasst
passte an"
"обогащать";"anreichern | akk, mit Dat
haben angereichert
reichte an"
"устраивать";"anrichten | akk
haben angerichtet
richtete an"
"применять";"anwenden | akk
haben angewendet
wendete an"
"указывать";"anweisen | akk, auf Akk
haben angewiesen
wies an"
"показывать";"anzeigen | akk, Dat
haben angezeigt
zeigte an"
"атаковать";"angreifen | akk
haben angegriffen
griff an"
"прилегающий";"angrenzend |
haben angegriffen
griff an"
"длительный";"anhaltend |
haben angehalten
hielt an"
"прилегающий";"anliegend | an Akk
haben angelegt
legte an"
"поднимающийся";"ansteigend |
sein angestiegen
stieg an"
"богатый видами";"artenreich |
artenreich
artenreich"
"самый богатый видами";"artenreichste |
artenreichste
artenreichste"
"дышать";"atmen |
haben geatmet
atmete"
"хранить";"aufbewahren | akk
haben aufbewahrt
bewahrte auf"
"перечислять";"aufführen | akk
haben aufgeführt
führte auf"
"принимать";"aufnehmen | akk
haben aufgenommen
nahm auf"
"вскрывать";"aufschneiden | akk
haben aufgeschnitten
schnitt auf"
"устанавливать";"aufstellen | akk
haben aufgestellt
stellte auf"
"останавливать";"aufhalten | akk
haben aufgehalten
hielt auf"
"надевать";"aufsetzen | akk
haben aufgesetzt
setzte auf"
"появляться";"auftreten |
sein aufgetreten
trat auf"
"показывать";"aufweisen | akk
haben aufgewiesen
wies auf"
"тратить";"aufwenden | akk, für Akk
haben aufgewendet
wendete auf"
"воспитывать";"aufziehen | akk
haben aufgezogen
zog auf"
"прекращаться";"ausbleiben |
sein ausgeblieben
blieb aus"
"истекать кровью";"ausbluten |
sein ausgeblutet
blutete aus"
"расширять";"ausdehnen | akk
haben ausgedehnt
dehnte aus"
"выполнять";"ausführen | akk
haben ausgeführt
führte aus"
"образовывать";"ausbilden | akk
haben ausgebildet
bildete aus"
"вносить";"ausbringen | akk
haben ausgebracht
brachte aus"
"распростёртый";"ausgebreitet |
haben ausgebreitet
breitete aus"
"выданный";"ausgegeben |
haben ausgegeben
gab aus"
"выкопанный";"ausgegraben |
haben ausgegraben
grub aus"
"исключённый";"ausgenommen | von Dat
haben ausgenommen
nahm aus"
"выраженный";"ausgeprägt |
haben ausgeprägt
prägte aus"
"вырванный";"ausgerissen |
sein ausgerissen
riss aus"
"выделять";"ausscheiden | akk
haben ausgeschieden
schied aus"
"подвергать";"aussetzen | akk, Dat
haben ausgesetzt
setzte aus"
"вымытый";"ausgespült |
haben ausgespült
spülte aus"
"оборудованный";"ausgestattet | mit Dat
haben ausgestattet
stattete aus"
"выставлять";"ausstellen | akk
haben ausgestellt
stellte aus"
"выполнять";"ausüben | akk
haben ausgeübt
übte aus"
"взрослый";"ausgewachsen |
sein ausgewachsen
wuchs aus"
"размытый";"ausgewaschen |
haben ausgewaschen
wusch aus"
"потрошёный";"ausgeweidet |
haben ausgeweidet
weidete aus"
"обозначенный";"ausgewiesen |
haben ausgewiesen
wies aus"
"исключать";"ausnehmen | akk, von Dat
haben ausgenommen
nahm aus"
"выглядящий";"aussehend |
aussehend
aussehend"
"снаружи";"außen |
außen
außen"
"внешний";"äußere |
äußere
äußere"
"сменный";"austauschbar | gegen Akk
austauschbar
austauschbar"
"влиять";"auswirken | akk
haben ausgewirkt
wirkte aus"
"компенсировать";"ausgleichen | akk
haben ausgeglichen
glich aus"
"выдавать";"aushändigen | akk, Dat
haben ausgehändigt
händigte aus"
"исключать";"ausschließen | akk, von Dat
haben ausgeschlossen
schloss aus"
"окунеобразный";"barschartig |
barschartig
barschartig"
"строительный";"baulich |
baulich
baulich"
"строить";"bauen | akk
haben gebaut
baute"
"баварский";"bayerische |
bayerische
bayerische"
"баварский";"bayerisch |
bayerisch
bayerisch"
"обращать внимание";"beachten | akk
haben beachtet
beachtete"
"занимать";"beanspruchen | akk
haben beansprucht
beanspruchte"
"присматривать";"beaufsichtigen | akk
haben beaufsichtigt
beaufsichtigte"
"уполномоченный";"beauftragte |
beauftragte
beauftragte"
"покрывать";"bedecken | akk, mit Dat
haben bedeckt
bedeckte"
"значить";"bedeuten | akk
haben bedeutet
bedeutete"
"обуславливать";"bedingen | akk
haben bedingt
bedingte"
"покрывать шипами";"bedornen | akk, mit Dat
haben bedornt
bedornte"
"находиться под угрозой исчезновения";"bedrohen | akk
haben bedroht
bedrohte"
"нуждаться";"bedürfen | Gen
haben bedurft
bedurfte"
"влиять";"beeinflussen | akk
haben beeinflusst
beeinflusste"
"ухудшать";"beeinträchtigen | akk
haben beeinträchtigt
beeinträchtigte"
"уполномочивать";"befähigen | akk, zu Dat
haben befähigt
befähigte"
"поражать";"befallen | akk
haben befallen
befiel"
"укреплять";"befestigen | akk, an Dat
haben befestigt
befestigte"
"находиться";"befinden |
haben befunden
befand"
"ловить рыбу";"befischen |
haben befischt
befischte"
"транспортировать, продвигать";"befördern | (Dat)
haben befördert
beförderte"
"освобождать";"befreien | (von Dat, Akk)
haben befreit
befreite"
"ограниченный";"befristete |
haben befristet
befristete"
"бояться";"befürchten |
haben befürchtet
befürchtete"
"совершать";"begehen |
haben begangen
beging"
"начинать";"beginnen | (mit Dat)
haben begonnen
begann"
"сопровождать";"begleiten | (Akk)
haben begleitet
begleitete"
"обрабатывать, обращаться, лечить";"behandeln | (Akk)
haben behandelt
behandelte"
"мешать, препятствовать";"behindern | (Akk, bei Dat)
haben behindert
behinderte"
"например";"beispielsweise |"
"способствовать";"beitragen | (zu Dat)
haben beigetragen
beitrug"
"бороться";"bekämpfen | (Akk)
haben bekämpft
bekämpfte"
"получать";"bekommen | (Dat)
haben bekommen
bekam"
"нагружать, обременять";"belasten | (Akk, mit Dat)
haben belastet
belastete"
"примечательный";"bemerkenswert |"
"нуждаться";"benötigen | (Akk, zu Dat)
haben benötigt
benötigte"
"использовать";"benutzen | (Akk, zu Dat)
haben benutzt
benutzte"
"наблюдать";"beobachten | (Akk)
haben beobachtet
beobachtete"
"сажать, засаживать";"bepflanzen | (mit Dat)
haben bepflanzt
bepflanzte"
"уполномоченный";"berechtigt |"
"обогащать";"bereichern | (Akk, mit Dat, um Akk)
haben bereichert
bereicherte"
"учитывать";"berücksichtigen | (Akk, bei Dat)
haben berücksichtigt
berücksichtigte"
"ссылаться, обращаться";"berufen | (auf Akk)
haben berufen
berief"
"означать, гласить";"besagen |
haben besagt
besagte"
"повреждать";"beschädigen | (Akk)
haben beschädigt
beschädigte"
"доставать, добывать";"beschaffen | (Dat)
haben beschafft
beschaffte"
"ускорять";"beschleunigen | (Akk)
haben beschleunigt
beschleunigte"
"ограничивать";"beschränken | (Akk, auf Akk)
haben beschränkt
beschränkte"
"описывать";"beschreiben | (Akk, mit Dat, als Akk)
haben beschrieben
beschrieb"
"жаловаться";"beschweren | (Akk, über Akk)
haben beschwert
beschwerte"
"устранять";"beseitigen | (Akk)
haben beseitigt
beseitigte"
"занимать";"besetzen | (Akk, mit Dat)
haben besetzt
besetzte"
"осматривать";"besichtigen | (Akk)
haben besichtigt
besichtigte"
"заселять";"besiedeln | (Akk, mit Dat)
haben besiedelt
besiedelte"
"владеть, обладать";"besitzen | (Akk)
haben besessen
besaß"
"особый";"besondere |"
"наматывать";"bespulen | (Akk, mit Dat)
haben bespult
bespulte"
"состоять";"bestehen | (aus Dat, in Dat)
haben bestanden
bestand"
"заказывать";"bestellen | (Akk, bei Dat)
haben bestellt
bestellte"
"определять";"bestimmen | (Akk, zu Dat)
haben bestimmt
bestimmte"
"оглушать";"betäuben | (Akk)
haben betäubt
betäubte"
"касающийся";"betreffende |"
"заниматься, управлять";"betreiben | (Akk)
haben betrieben
betrieb"
"вступать, ступать";"betreten | (Akk)
haben betreten
betrat"
"касаться, затрагивать";"betreffen | (Akk)
haben betroffen
betraf"
"поражённый, затронутый";"betroffen |"
"оценивать, судить";"beurteilen | (Akk, nach Dat)
haben beurteilt
beurteilte"
"предпочитать";"bevorzugen | (Akk)
haben bevorzugt
bevorzugte"
"зарастать";"bewachsen | (mit Dat)
haben bewachsen
bewuchs"
"орошать, поливать";"bewässern | (Akk, mit Dat)
haben bewässert
bewässerte"
"двигать(ся)";"bewegen | (Akk, zu Dat)
haben bewegt
bewegte"
"подвижный";"beweglichen |"
"оценивать";"bewerten | (Akk, mit Dat, als Akk)
haben bewertet
bewertete"
"вызывать, осуществлять";"bewirken | (Akk)
haben bewirkt
bewirkte"
"обозначать, называть";"bezeichnen | (Akk, mit Dat, als Akk)
haben bezeichnet
bezeichnete"
"получать, приобретать";"beziehen | (Akk, von Dat, mit Dat, auf Akk)
haben bezogen
bezog"
"предлагать";"bieten | (Dat)
haben geboten
bot"
"образовывать";"bilden | (Akk, aus Dat, zu Dat)
haben gebildet
bildete"
"связывать";"binden | (Akk, an Akk, mit Dat)
haben gebunden
band"
"просить";"bitten | (Akk, um Akk)
haben gebeten
bat"
"горький";"bittere |"
"оставаться";"bleiben |
sein geblieben
blieb"
"блестеть, мигать";"blinken |
haben geblinkt
blinkte"
"нуждаться";"brauchen | (Akk, zu Dat)
haben gebraucht
brauchte"
"ломать(ся)";"brechen | (Akk, mit Dat)
haben gebrochen
brach"
"приносить";"bringen | (Dat)
haben gebracht
brachte"
"высиживать, размышлять";"brüten | (Akk, über Akk)
haben gebrütet
brütete"
"красочный";"buntgefärbte |"
"каротинсодержащий";"carotinhaltige |"
"охарактеризованный";"charakterisiert |"
"изображать";"darstellen | (Akk, als Akk)
haben dargestellt
darstellte"
"постоянный";"dauerhaft |"
"длиться";"dauern |
haben gedauert
dauerte"
"покрывать";"decken | (Akk, mit Dat)
haben gedeckt
deckte"
"растягивать(ся)";"dehnen | (Akk, auf Akk)
haben gedehnt
dehnte"
"тонкий, деликатный";"delikat |"
"тот же самый";"demselben |"
"следовательно";"demzufolge |"
"немецкий";"deutsche |"
"плотный";"dicht |"
"толстый";"dicke |"
"служить";"dienen | (Dat, als Dat, zu Dat)
haben gedient
diente"
"тот же самый";"dieselbe |"
"двойной";"doppelt |"
"тресковый";"dorschartigen |"
"жёсткий";"drähtige |"
"вращать, вертеть";"drehen | (Akk, um Akk)
haben gedreht
drehte"
"зависящий от давления";"druckabhängige |"
"нажимать, давить";"drücken | (Akk, auf Akk, gegen Akk)
haben gedrückt
drückte"
"терпеть";"dulden | (Akk)
haben geduldet
duldete"
"снабжённый кровью";"durchblutet |"
"проведённый";"durchgeführte |"
"дырявый";"durchlöcherten |"
"средний";"durchschnittliche |"
"рассекающий";"durchtrennenden |"
"разрезать";"durchtrennen | (Akk)
haben durchtrennt
durchtrennte"
"бывший";"ehemalige |"
"собственный";"eigene |"
"подходить";"eignen | (Akk, zu Dat, für Akk, als Akk)
haben geeignet
eignete"
"вносить";"einbringen | (Akk, in Akk)
haben eingebracht
einbrachte"
"проникать";"eindringen | (in Akk)
sein eingedrungen
drang ein"
"простой";"einfache |"
"смазывать";"einfetten | (Akk, mit Dat)
haben eingefettet
eingefettet"
"замораживать";"einfrieren | (Akk)
haben eingefroren
einfrierte"
"вставленный";"eingefasste |"
"огороженный";"eingefriedet |"
"вставленный";"eingefügt |"
"введённый";"eingeführt |"
"закопанный";"eingegraben |"
"введённый";"eingeleitet |"
"забитый";"eingeschlagen |"
"включённый";"eingeschlossen |"
"зазубренный";"eingeschnittene |"
"ограниченный";"eingeschränkt |"
"нанесённый";"eingeschwemmt |"
"использованный";"eingesetzt |"
"устанавливать";"einstellen |
haben eingestellt
stellte ein"
"погружаться";"einsinken |
sein eingesunken
sank ein"
"делить";"einteilen |
haben eingeteilt
teilte ein"
"вносить";"eintragen |
haben eingetragen
trug ein"
"ограждать";"einzäunen |
haben eingezäunt
zäunte ein"
"нагонять";"einholen |
haben eingeholt
holte ein"
"использовать";"einsetzen |
haben eingesetzt
setzte ein"
"отдельный";"einzeln |"
"вносить";"einbringen |
haben eingebracht
brachte ein"
"вмешиваться";"einschreiten |
sein eingeschritten
schritt ein"
"рекомендовать";"empfehlen | (Dat)
haben empfohlen
empfahl"
"рекомендованный";"empfehlenswert |"
"чувствовать";"empfinden | (als)
haben empfunden
empfand"
"заканчивать";"enden |
haben geendet
endete"
"удалять";"entfernen |
haben entfernt
entfernte"
"далёкий";"entfernt |"
"сбегать";"entfliehen | (Dat / vor + Dat)
sein entflohen
entfloh"
"навстречу";"entgegen | (Dat)"
"содержать";"enthalten |
haben enthalten
enthielt"
"выгружать";"entlanden |
haben entlanden
entlandete"
"изымать";"entnehmen | (Dat)
haben entnommen
entnahm"
"решать";"entscheiden |
haben entschieden
entschied"
"решает";"entscheidet |"
"соответствовать";"entsprechen | (Dat)
haben entsprochen
entsprach"
"возникший";"entstanden |"
"возникать";"entstehen |
sein entstanden
entstand"
"возникает";"entsteht"
"развивать";"entwickeln |
haben entwickelt
entwickelte"
"развитый";"entwickelt"
"обусловленный развитием";"entwicklungsbedingt"
"лишать";"entziehen | (Dat)
haben entzogen
entzog"
"лишённый";"entzogen"
"добывать";"erbeuten |
haben erbeutet
erbeutete"
"приносить";"erbringen |
haben erbracht
erbrachte"
"захватывать";"erfassen |
haben erfasst
erfasste"
"происходить";"erfolgen |
sein erfolgt
erfolgte"
"произошёл";"erfolgt"
"выполнять";"erfüllen |
haben erfüllt
erfüllte"
"выполненный";"erfüllt"
"хватать";"ergreifen |
haben ergriffen
ergriff"
"получать";"erhalten |
haben erhalten
erhielt"
"повышать";"erhöhen |
haben erhöht
erhöhte"
"повышенный";"erhöht"
"отдыхать";"erholen |
haben erholt
erholte"
"отдохнувший";"erholt"
"распознавать";"erkennen |
haben erkannt
erkannte"
"распознанный";"erkannt"
"объяснять";"erklären |
haben erklärt
erklärte"
"заболевать";"erkranken |
sein erkrankt
erkrankte"
"заболевший";"erkrankt"
"разрешённый";"erlaubt"
"облегчать";"erleichtern |
haben erleichtert
erleichterte"
"облегчённый";"erleichtert"
"освещать";"erleuchten |
haben erleuchtet
erleuchtete"
"гаснуть";"erlöschen |
sein erloschen
erlosch"
"позволять";"ermöglichen |
haben ermöglicht
ermöglichte"
"позволено";"ermöglicht"
"кормить";"ernähren |
haben ernährt
ernährte"
"кормленный";"ernährt"
"обновлять";"erneuern |
haben erneuert
erneuert"
"достигать";"erreichen |
haben erreicht
erreichte"
"достигнутый";"erreicht"
"воздвигать";"errichten |
haben errichtet
errichtete"
"появляться";"erscheinen |
sein erschienen
erschien"
"затруднять";"erschweren |
haben erschwert
erschwerte"
"экономить";"ersparen |
haben erspart
ersparte"
"простираться";"erstrecken |
haben erstreckt
erstreckte"
"выдавать";"erteilen |
haben erteilt
erteilte"
"взрослый";"erwachsen"
"нагревать";"erwärmen |
haben erwärmt
erwärmte"
"ожидать";"erwarten |
haben erwartet
erwartete"
"приобретать";"erwerben |
haben erworben
erwarb"
"приобретённый";"erworben"
"достигать";"erzielen |
haben erzielt
erzielte"
"есть";"essen |
haben gegessen
aß"
"устанавливать";"etablieren |
haben etabliert
etablierte"
"точный";"exakt"
"падать";"fallen |
sein gefallen
fiel"
"падает";"fällt"
"ловить";"fangen |
haben gefangen
fing"
"ловит";"fängt"
"хватать";"fassen |
haben gefasst
fasste"
"гнить";"faulen |
sein verfault
faulte"
"отсутствовать";"fehlen |
haben gefehlt
fehlte"
"держать на расстоянии";"fernhalten |
haben ferngehalten
hielt fern"
"держать на расстоянии";"fernzuhalten |
haben ferngehalten
hielt fern"
"крепкий";"fest"
"устанавливать";"festlegen |
haben festgelegt
legte fest"
"установленный";"festgelegt"
"устанавливать";"festsetzen |
haben festgesetzt
setzte fest"
"установленный";"festgestellt"
"устанавливать";"feststellen |
haben festgestellt
stellte fest"
"влажный";"feucht"
"разделывать";"filetieren |
haben filetiert
filetierte"
"находить";"finden |
haben gefunden
fand"
"находит";"findet"
"ловить рыбу";"fischen |
haben gefischt
fischte"
"рыболовный";"fischereiberechtigt"
"ловит рыбу";"fischt"
"рыболовный";"fischwaidgerecht"
"летать";"fliegen |
sein geflogen
flog"
"следовать";"folgen | (Dat)
sein gefolgt
folgte"
"поддерживать";"fördern |
haben gefördert
förderte"
"размножаться";"fortpflanzen |
haben fortgepflanzt
pflanzte fort"
"смывать";"fortschwemmen |
haben fortgeschwemmt
schwemmte fort"
"освобождать";"freischneiden |
haben freigeschnitten
schnitt frei"
"есть";"fressen |
haben gefressen
fraß"
"добавлять";"fügen |
haben gefügt
fügte"
"вести";"führen |
haben geführt
führte"
"кормить";"füttern |
haben gefüttert
fütterte"
"гарантировать";"garantieren |
haben garantiert
garantierte"
"старый";"gealtert"
"ловить рыбу";"angeln |
haben geangelt
angelte"
"строить";"bauen |
haben gebaut
baute"
"образовывать";"bilden |
haben gebildet
bildete"
"изогнутый";"gebogen"
"предлагать";"bieten |
haben geboten
bot"
"приносить";"bringen |
haben gebracht
brachte"
"использовать";"gebrauchen |
haben gebraucht
gebrauchte"
"использованный";"gebraucht"
"связывать";"binden |
haben gebunden
band"
"играть рыбой";"drillen |
haben gedrillt
drillte"
"удобрять";"düngen |
haben gedüngt
düngte"
"подходящий";"geeignet"
"ставить под угрозу";"gefährden |
haben gefährdet
gefährdete"
"находящийся под угрозой";"gefährdet"
"нравиться";"gefallen | (Dat)
haben gefallen
gefiel"
"окрашенный";"gefärbt"
"плетёный";"geflochten"
"замерзать";"gefrieren |
sein gefroren
fror"
"разветвлённый";"gegabelt"
"давать";"geben |
haben gegeben
gab"
"рыбачить";"haken |
haben gehakt
hakte"
"держать";"halten |
haben gehalten
hielt"
"сохранять рыбу живой";"hältern |
haben gehältert
hälterte"
"свежевать";"häuten |
haben gehäutet
häutete"
"ухаживать";"hegen |
haben gehegt
hegte"
"идти";"gehen |
sein gegangen
ging"
"поднимать";"heben |
haben gehoben
hob"
"доставать";"holen |
haben geholt
holte"
"принадлежать";"gehören | (Dat)
haben gehört
gehörte"
"характеризовать";"kennzeichnen | (akk)
haben gekennzeichnet
kennzeichnete"
"вязать";"knoten |
haben geknoten
knotote"
"варить";"kochen |
haben gekocht
kochte"
"гнуть";"gekrümmt |
haben gekrümmt
krümmte"
"охлаждать";"kühlen |
haben gekühlt
kühlte"
"хранить";"lagern |
haben gelagert
lagerte"
"приземляться";"landen |
sein gelandet
landete"
"достигать, попадать";"gelangen | (zu Dat)
sein gelangt
gelangte"
"класть";"legen |
haben gelegt
legte"
"решать";"lösen |
haben gelöst
löste"
"действовать";"gelten | (für Akk)
haben gegolten
galt"
"измерять";"gemessen |
haben gemessen
maß"
"избегать";"meiden |
haben gemieden
mied"
"называть";"nennen |
haben genannt
nannte"
"разрешать";"genehmigen |
haben genehmigt
genehmigte"
"брать";"nehmen |
haben genommen
nahm"
"хватать";"genügen |
haben genügt
genügte"
"использовать";"nutzen |
haben genutzt
nutzte"
"упорядочивать";"ordnen |
haben geordnet
ordnete"
"собирать";"pflücken |
haben gepflückt
pflückte"
"буферизовать";"puffern |
haben gepuffert
pufferte"
"получать очки";"punkten |
haben gepunktet
punktete"
"выпрямлять";"gerade |
haben gerade
geradete"
"попадать";"geraten | (in Akk)
sein geraten
geriet"
"убирать";"räumen |
haben geräumt
räumte"
"регулировать";"regeln |
haben geregelt
regelte"
"направлять";"gerichtet |
haben gerichtet
richtete"
"любить";"gerne |
haben gerne
gernete"
"корчевать";"roden |
haben gerodet
rodete"
"округлять";"runden |
haben gerundet
rundete"
"повреждать";"schädigen |
haben geschädigt
schädigte"
"происходить";"geschehen |
sein geschehen
geschah"
"убивать";"schlachten |
haben geschlachtet
schlachtete"
"закрывать";"schließen |
haben geschlossen
schloss"
"глотать";"schlucken | (akk, von Dat)
haben geschluckt
schluckte"
"проскальзывать";"schlüpfen |
sein geschlüpft
schlüpfte"
"щадить";"schonen |
haben geschont
schonte"
"защищать";"schützen | (vor Dat, Akk)
haben geschützt
schützte"
"ставить";"setzen |
haben gesetzt
setzte"
"раскалывать";"spalten |
haben gespalten
spaltete"
"натягивать";"spannen |
haben gespannt
spannte"
"питать";"speisen | (mit Dat, Akk)
haben gespeist
speiste"
"формировать";"gestalten |
haben gestaltet
gestaltete"
"разрешать";"gestatten |
haben gestattet
gestattete"
"накапливать";"stauen |
haben gestaut
staute"
"беспокоить";"stören |
haben gestört
störte"
"поддерживать";"stützen |
haben gestützt
stützte"
"маскировать";"tarnen |
haben getarnt
tarnte"
"совершать";"tätigen |
haben getätigt
tätigte"
"делить";"teilen | (akk, mit Dat, in Akk)
haben geteilt
teilte"
"убивать";"töten |
haben getötet
tötete"
"нести";"tragen |
haben getragen
trug"
"разделять";"trennen | (akk, von Dat)
haben getrennt
trennte"
"встречаться";"treffen |
haben getroffen
traf"
"мутить";"trüben |
haben getrübt
trübte"
"промакивать";"tupfen |
haben getupft
tupfte"
"поливать";"wässern |
haben gewässert
wässerte"
"выгибать";"wölben |
haben gewölbt
wölbte"
"бросать";"werfen |
haben geworfen
warf"
"рисовать";"zeichnen |
haben gezeichnet
zeichnete"
"направлять";"gezielt |
haben gezielt
zielte"
"тянуть";"ziehen |
haben gezogen
zog"
"стеклить";"gläsern |
haben gegläsern
gläsernte"
"гладить";"glatt |
haben glatt
glattete"
"сравнивать";"gleichen | (Dat)
haben geglichen
glich"
"хватать";"greifen |
haben gegriffen
griff"
"основывать";"gründen |
haben gegründet
gründete"
"иметь";"haben |
haben gehabt
hatte"
"прилипать";"haftet |
haben gehaftet
hafetete"
"действовать";"handeln |
haben gehandelt
handelte"
"вешать";"hängen |
haben gehängt
hängte"
"производить";"hergestellt |
haben hergestellt
herstellte"
"вызывать";"hervorgerufen |
haben hervorgerufen
hervorrief"
"помогать";"hilft |
haben geholfen
half"
"указывать";"hindeuten | (auf Akk)
haben hingedeutet
hindeutete"
"доставать";"holt |
haben geholt
holte"
"информировать";"informieren | (akk, über Akk)
haben informiert
informierte"
"охотиться";"jagen |
haben gejagt
jagte"
"знать";"kennen |
haben gekannt
kannte"
"прояснять";"klären |
haben geklärt
klärte"
"приклеивать";"klebt |
haben geklebt
klebte"
"приманивать";"ködern |
haben geködert
köderte"
"комбинировать";"kombiniert |
haben kombiniert
kombinierte"
"приходить";"kommen |
sein gekommen
kam"
"контролировать";"kontrollieren |
haben kontrolliert
kontrollierte"
"расторгать";"kündigen |
haben gekündigt
kündigte"
"метать икру";"laichen |
haben gelaicht
laichte"
"оставлять";"lassen |
haben gelassen
ließ"
"бегать";"laufen |
sein gelaufen
lief"
"жить";"leben |
haben gelebt
lebte"
"страдать";"leiden | (an Dat, unter Dat)
haben gelitten
litt"
"поставлять";"liefern |
haben geliefert
lieferte"
"лежать";"liegen |
haben gelegen
lag"
"делать";"machen |
haben gemacht
machte"
"умерить";"maßigen |
haben maßigt
maßigte"
"замечать";"merken |
haben gemerkt
merkte"
"минимизировать";"minimieren |
haben minimiert
minimierte"
"мешать";"mischen |
haben gemischt
mischte"
"быть";"sein |
ist gewesen
war"
"приносить";"mitbringen | ( Akkusativ)
haben mitgebracht
brachte mit"
"нести с собой";"mitführen | ( Akkusativ)
haben mitgeführt
führte mit"
"мочь";"mögen | ( Akkusativ)
haben gemocht
mochte"
"модернизировать";"modernisieren | ( Akkusativ)
haben modernisiert
modernisierte"
"возможно";"möglicherweise |
haben gemoglicht
moglichte"
"по возможности";"möglichst |
haben gemoglicht
moglichte"
"быть должным";"müssen | ( Akkusativ)
haben gemusst
musste"
"доказать";"nachgewiesen | ( Akkusativ)
haben nachgewiesen
wies nach"
"регулировать";"nachstellen | ( Akkusativ)
haben nachgestellt
stellte nach"
"ближайший";"nächstgelegen |
haben gelegen
lag"
"отрастать";"nachwachsen | ( Akkusativ)
haben nachgewachsen
wuchs nach"
"близко";"nahe |
haben genäht
nähte"
"неестественный";"naturfern |
haben entfernt
entfernte"
"брать";"nehmen | ( Akkusativ)
haben genommen
nahm"
"склоняться";"neigen | ( Akkusativ)
haben geneigt
neigte"
"значительный";"nennenswert |
haben genannt
nannte"
"нет";"nicht |
haben genichtet
nichtete"
"использовать";"nutzen | ( Akkusativ)
haben genutzt
nutzte"
"вверху";"oben |
haben oben
obte"
"открыто";"offen |
haben geöffnet
öffnete"
"открывать";"öffnen | ( Akkusativ)
haben geöffnet
öffnete"
"часто";"oft |
haben oft
ofte"
"без";"ohne | ( Akkusativ)
haben ohne
ohnte"
"спариваться";"paaren | ( Akkusativ)
haben gepaart
paarte"
"арендовать";"pachten | ( Akkusativ)
haben gepachtet
pachtete"
"паразитировать";"parasitieren | ( Akkusativ)
haben parasitiert
parasitierte"
"случаться";"passieren | ( Akkusativ)
haben passiert
passierte"
"ловить рыбу";"pilken | ( Akkusativ)
haben gepilkt
pilkte"
"точный";"präzise |
haben präzisiert
präzisierte"
"недорогой";"preiswert |
haben gewertet
wertete"
"привилегированный";"privilegiert |
haben privilegiert
privilegierte"
"производить";"produzieren | ( Akkusativ)
haben produziert
produzierte"
"перевязывать";"querbinden | ( Akkusativ)
haben quergebunden
band quer"
"пересекать";"queren | ( Akkusativ)
haben gequert
querte"
"курить";"rauchen | ( Akkusativ)
haben geraucht
rauchte"
"оправдывать";"rechtfertigen | ( Akkusativ)
haben gerechtfertigt
rechtfertigte"
"уменьшать";"reduzieren | ( Akkusativ)
haben reduziert
reduzierte"
"регулировать";"regeln | ( Akkusativ)
haben geregelt
regelte"
"идти дождь";"regnen |
hat geregnet
regnete"
"регулировать";"regulieren | ( Akkusativ)
haben reguliert
regulierte"
"достигать";"reichen | ( Akkusativ)
haben gereicht
reichte"
"обогащать";"reichern | ( Akkusativ)
haben gereichert
reicherte"
"очищать";"reinigen | ( Akkusativ)
haben gereinigt
reinigte"
"рвать";"reißen | ( Akkusativ)
haben gerissen
riss"
"направлять";"richten | ( Akkusativ)
haben gerichtet
richtete"
"красный";"rot |
haben gerötet
rötete"
"вращаться";"rotieren | ( Akkusativ)
haben rotiert
rotierte"
"правильный";"sachgerecht |
haben gerichtet
richtete"
"вместе";"samt | ( Akkusativ)
haben samt
samte"
"сосать";"saugen | ( Akkusativ)
haben gesaugt
saugte"
"поврежденный";"schadhaft |
haben geschadet
schadete"
"повреждать";"schädigen | ( Akkusativ)
haben beschädigt
schädigte"
"создавать";"schaffen | ( Akkusativ)
haben geschaffen
schuf"
"мерцать";"schimmern |
hat geschimmert
schimmerte"
"забивать";"schlachten | ( Akkusativ)
haben geschlachtet
schlachtete"
"бить";"schlagen | ( Akkusativ)
haben geschlagen
schlug"
"плохой";"schlecht |
haben geschlechtert
schlechterte"
"закрывать";"schließen | ( Akkusativ)
haben geschlossen
schloss"
"паразитировать";"schmarotzen | ( Akkusativ)
haben geschmarotzt
schmarotzte"
"пробовать на вкус";"schmecken | ( Akkusativ)
haben geschmeckt
schmeckte"
"хватать";"schnappen | ( Akkusativ)
haben geschnappt
schnappte"
"щадить";"schonen | ( Akkusativ)
haben geschont
schonte"
"черпать";"schöpfen | ( Akkusativ)
haben geschöpft
schöpfte"
"постепенно";"schrittweise |
haben geschritten
schritt"
"защищать";"schützen | ( Akkusativ)
haben geschützt
schützte"
"парить";"schweben |
haben geschwebt
schwebte"
"мутный";"schwebstoffhaltige |
haben gehalten
hielt"
"невесомый";"schwerelose |
haben gelöst
löste"
"вертикальный";"senkrecht |
haben gerichtet
richtete"
"чувствительный";"sensiblen |
haben gesinnt
sann"
"сажать";"setzen | ( Akkusativ)
haben gesetzt
setzte"
"соответствующий безопасности";"sicherheitsrelevante |
haben relevt
relevte"
"обеспечивать";"sicherstellen | ( Akkusativ)
haben sichergestellt
stellte sicher"
"видимый";"sichtbare |
haben gesichtet
sichtete"
"просеивать";"sieben | ( Akkusativ)
haben gesiebt
siebte"
"селиться";"siedeln | ( Akkusativ)
haben gesiedelt
siedelte"
"серебристый";"silbrige |
haben versilbert
versilberte"
"тонущий";"sinkende |
haben gesunken
sank"
"холодный летом";"sommerkalten |
haben erkältet
erkältete"
"прочие";"sonstige |
haben gesorgt
sorgte"
"играть";"spielen | ( Akkusativ)
haben gespielt
spielte"
"заострять";"spitzen | ( Akkusativ)
haben gespitzt
spitzte"
"прыгать";"springen |
haben gesprungen
sprang"
"стабильный";"stabile |
haben stabilisiert
stabilisierte"
"стабилизировать";"stabilisieren | ( Akkusativ)
haben stabilisiert
stabilisierte"
"колючеперый";"stachelstrahlige |
haben bestrahlt
bestrahlte"
"происходящий";"stammenden |
haben gestammt
stammte"
"жесткий";"starre |
haben gestarrt
starrte"
"происходить";"stattfinden |
haben stattgefunden
fand statt"
"плотинно-регулируемый";"staugeregelten |
haben geregelt
regelte"
"стоять";"stehen |
haben gestanden
stand"
"жесткий";"steife |
haben versteift
versteifte"
"увеличивать";"steigern | ( Akkusativ)
haben gesteigert
steigerte"
"ставить";"stellen | ( Akkusativ)
haben gestellt
stellte"
"умирать";"sterben |
ist gestorben
starb"
"похожий на помехи";"störartigen |
haben gestört
störte"
"мешать";"stören | ( Akkusativ)
haben gestört
störte"
"мешающий";"störenden |
haben gestört
störte"
"реофильный";"strömungsliebenden |
haben geliebt
liebte"
"бедный структурами";"strukturarme |
haben strukturiert
strukturierte"
"богатый структурами";"struktureiche |
haben strukturiert
strukturierte"
"бурный";"stürmische |
haben gestürmt
stürmte"
"искать";"suchen | ( Akkusativ)
haben gesucht
suchte"
"кувыркающийся";"taumelnde |
haben getaumelt
taumelte"
"технический";"technischen |
haben techniziert
technizierte"
"делить";"teilen | ( Akkusativ)
haben geteilt
teilte"
"частично";"teilweise |
haben geteilt
teilte"
"тестировать";"testen | ( Akkusativ)
haben getestet
testete"
"замороженный";"tiefgefroren |
haben gefroren
fror"
"животный";"tierische |
haben geziert
zierte"
"соответствующий защите животных";"tierschutzgerecht |
haben gerichtet
richtete"
"мертвый";"tot |
haben getötet
tötet"
"убивать";"töten | ( Akkusativ)
haben getötet
tötete"
"носить";"tragen | ( Akkusativ)
haben getragen
trug"
"прозрачный";"transparent |
haben transportiert
transportierte"
"встречаться";"treffen | ( Akkusativ)
haben getroffen
traf"
"дрейфует";"treibt |
haben getrieben
trieb"
"наступать";"treten | ( Akkusativ)
haben getreten
trat"
"сухой";"trocken |
haben getrocknet
trocknete"
"доставленный";"überbracht | ( Akkusativ)
haben gebracht
brachte"
"затопленный";"überfluteten |
haben geflutet
flutete"
"вообще";"überhaupt |
haben gehauptet
hauptete"
"перекрытый";"überlagert | ( Akkusativ)
haben überlagert
überlagerte"
"выживший";"überlebende |
haben überlebt
überlebte"
"чрезмерный";"übermäßige | ( Akkusativ)
haben gemessen
maß"
"принимать";"übernehmen | ( Akkusativ)
haben übernommen
übernahm"
"превышает";"überschreitet | ( Akkusativ)
haben überschritten
überschritt"
"контролировать";"überwachen | ( Akkusativ)
haben überwacht
überwachte"
"преодолевать";"überwinden | ( Akkusativ)
haben überwunden
überwand"
"зимовать";"überwintern |
haben überwintert
überwinterte"
"комплексный";"umfassenden |
haben umfasst
umfasste"
"окаймленный";"umrandet | ( Akkusativ)
haben umrandet
umrandete"
"окаймленный";"umsäumt | ( Akkusativ)
haben umsäumt
umsäumte"
"экологически чистый";"umweltfreundlichen |
haben umweltfreundlich
umweltfreundlichte"
"непреднамеренный";"unbeabsichtigt |
haben beabsichtigt
beabsichtigte"
"без шипов";"unbedornt |
haben bedacht
bedachte"
"несанкционированный";"unbefugt |
haben befugt
befugte"
"незагрязненный";"unbelastete |
haben belastet
belastete"
"неограниченный";"unbeschränkt |
haben beschränkt
beschränkte"
"нежелательный";"unerwünschte |
haben gewünscht
wünschte"
"неподходящий";"ungeeignet |
haben geeignet
eignete"
"спокойный";"ungestörte |
haben gestört
störte"
"ненужный";"unnötigen |
haben genötigt
nötigte"
"нечетный";"unpaare |
haben gepaart
paarte"
"нерегулярный";"unregelmäßige | ( Akkusativ)
haben gemessen
maß"
"предотвращать";"unterbinden | ( Akkusativ)
haben unterbunden
unterband"
"прерывать";"unterbrechen | (akk)
haben unterbrochen
unterbrach"
"подлежать";"unterliegen | (Dat)
haben unterlegen
unterlag"
"предпринимать";"unternehmen | (akk)
haben unternommen
unternahm"
"запрещать";"untersagen | (Dat)
haben untersagt
untersagte"
"различать";"unterscheiden | (akk)
haben unterschieden
unterschied"
"поддерживать";"unterstützen | (akk)
haben unterstützt
unterstützte"
"исследовать";"untersuchen | (akk)
haben untersucht
untersuchte"
"незастроенный";"unverbauten |
haben unverbauten
unverbauten"
"непереваренный";"unverdaut |
haben unverdaut
unverdauten"
"невредимый";"unverletzt |
haben unverletzt
unverletzt"
"неполный";"unvollständige |
haben unvollständige
unvollständige"
"вакуумный";"vakuumverpackt |
haben vakuumverpackt
vakuumverpackt"
"изменённый";"veränderte |
haben veränderte
veränderte"
"устраивать";"veranstalten | (akk)
haben veranstaltet
veranstaltete"
"закреплять";"verankern | (akk)
haben verankert
verankerte"
"застраивать";"verbauen | (akk)
haben verbaut
verbaute"
"улучшать";"verbessern | (akk)
haben verbessert
verbesserte"
"запрещать";"verbieten | (Dat)
haben verboten
verbot"
"соединять";"verbinden | (akk)
haben verbunden
verband"
"блеклый";"verblasst |
haben verblasst
verblasst"
"оставшийся";"verbleibende |
haben verbleibende
verbleibende"
"увядший";"verblühte |
haben verblühte
verblühte"
"скрытый";"verborgen |
haben verborgen
verbarg"
"запрещённый";"verboten |
haben verboten
verboten"
"распространённый";"verbreitet |
haben verbreitet
verbreitet"
"проводить";"verbringen | (akk)
haben verbracht
verbrachte"
"связанный";"verbunden |
haben verbunden
verbunden"
"портиться";"verderben | (akk)
haben verdorben
verdarb"
"утолщённый";"verdickt |
haben verdickt
verdickte"
"вытеснять";"verdrängen | (akk)
haben verdrängt
verdrängte"
"единичный";"vereinzelt |
haben vereinzelt
vereinzelte"
"погибать";"verenden |
sein verendet
verendete"
"обесцвеченный";"verfärbte |
haben verfärbte
verfärbte"
"доступный";"verfügbaren |
haben verfügbaren
verfügbaren"
"располагать";"verfügen | (über akk)
haben verfügt
verfügte"
"скармливать";"verfüttern | (akk)
haben verfüttert
verfütterte"
"сравнимый";"vergleichbaren |
haben vergleichbaren
vergleichbaren"
"сравнительно";"vergleichsweise |
haben vergleichsweise
vergleichsweise"
"закапывать";"vergraben | (akk)
haben vergraben
vergrub"
"увеличивать";"vergrößern | (akk)
haben vergrößert
vergrößerte"
"вести себя";"verhalten | (sich)
haben verhalten
verhielt"
"заживать";"verheilen |
sein verheilt
verheilte"
"предотвращать";"verhindern | (akk)
haben verhindert
verhinderte"
"суженный";"verjüngt |
haben verjüngt
verjüngte"
"склеенный";"verklebte |
haben verklebte
verklebte"
"укороченный";"verkürzte |
haben verkürzte
verkürzte"
"требовать";"verlangen | (akk)
haben verlangt
verlangte"
"удлинённый";"verlängerte |
haben verlängerte
verlängerte"
"замедлять";"verlangsamen | (akk)
haben verlangsamt
verlangsamte"
"покидать";"verlassen | (akk)
haben verlassen
verließ"
"ранить";"verletzen | (akk)
haben verletzt
verletzte"
"терять";"verlieren | (akk)
haben verloren
verlor"
"увеличивать";"vermehren | (akk)
haben vermehrt
vermehrte"
"увеличенный";"vermehrte |
haben vermehrte
vermehrte"
"избегать";"vermeiden | (akk)
haben vermieden
vermied"
"уменьшать";"vermindern | (akk)
haben vermindert
verminderte"
"смешивать";"vermischen | (akk)
haben vermischt
vermischte"
"предполагать";"vermuten | (akk)
haben vermutet
vermutete"
"разумный";"vernünftigen |
haben vernünftigen
vernünftigen"
"обязывать";"verpflichten | (akk)
haben verpflichtet
verpflichtete"
"предавать";"verraten | (akk)
haben verraten
verriet"
"уменьшать";"verringern | (akk)
haben verringert
verringerte"
"трубчатый";"verrohrt |
haben verrohrt
verrohrte"
"гнить";"verrotten |
sein verrottet
verrottete"
"отказывать";"versagen |
haben versagt
versagte"
"закисший";"versauerten |
haben versauerten
versauerten"
"спугнутый";"verscheucht |
haben verscheucht
verscheuchte"
"самый разнообразный";"verschiedensten |
haben verschiedensten
verschiedensten"
"заиленный";"verschlammt |
haben verschlammt
verschlammte"
"ухудшать";"verschlechtern | (akk)
haben verschlechtert
verschlechterte"
"проглоченный";"verschluckt |
haben verschluckt
verschluckte"
"загрязнённый";"verschmutzten |
haben verschmutzten
verschmutzten"
"снабжать";"versehen | (akk)
haben versehen
vergesehen"
"снабжать";"versorgen | (akk)
haben versorgt
versorgte"
"обещать";"versprechen | (akk)
haben versprochen
versprach"
"уведомлять";"verständigen | (akk)
haben verständigt
verständigte"
"усиленный";"verstärkt |
haben verstärkt
verstärkte"
"понимать";"verstehen | (akk)
haben verstanden
verstand"
"регулируемый";"verstellbare |
haben verstellbare
verstellbare"
"нарушать";"verstoßen | (gegen akk)
haben verstoßen
verstieß"
"защищённый";"verteidigt |
haben verteidigt
verteidigte"
"распределять";"verteilen | (akk)
haben verteilt
verteilte"
"прогонять";"vertreiben | (akk)
haben vertrieben
vertrieb"
"представлять";"vertreten | (akk)
haben vertreten
vertrat"
"причинять";"verursachen | (akk)
haben verursacht
verursachte"
"заросший";"verwachsen |
sein verwachsen
verwachsen"
"развеянный";"verwehten |
haben verwehten
verwehten"
"использовать";"verwenden | (akk)
haben verwendet
verwendete"
"утилизировать";"verwerten | (akk)
haben verwertet
verwertete"
"запутанный";"verwickelte |
haben verwickelte
verwickelte"
"ссылаться";"verweisen | (auf akk)
haben verwiesen
verwies"
"потреблять";"verzehren | (akk)
haben verzehrt
verzehrte"
"отказываться";"verzichten | (auf akk)
haben verzichtet
verzichtete"
"многообразный";"vielfältigen |
haben vielfältigen
vielfältigen"
"завершённый";"vollendet |
haben vollendet
vollendete"
"действительный";"vollgültigen |
haben vollgültigen
vollgültigen"
"совершеннолетний";"volljährige |
haben volljährige
volljährige"
"совершенный";"vollkommen |
haben vollkommen
vollkommen"
"передний";"vordere |
haben vordere
vordere"
"предписанный";"vorgeschriebene |
haben vorgeschriebene
vorgeschriebene"
"предпочтительный";"vorgezogen |
haben vorgezogen
vorzog"
"имеющийся в наличии";"vorhanden |
haben vorhanden
vorhanden"
"происходить";"vorkommen |
sein vorgekommen
vorkam"
"иметься";"vorliegen |
haben vorgelegen
vorlag"
"передний";"vorne |
haben vorne
vorne"
"предпринимать";"vornehmen | (sich)
haben vorgenommen
vornahm"
"выгодный";"vorteilhaft |
haben vorteilhaft
vorteilhaft"
"предотвращать";"vorbeugen | (Dat)
haben vorgebeugt
vorbeugte"
"действовать";"vorgehen |
sein vorgegangen
vorging"
"предпочтительно";"vorzugsweise |
haben vorzugsweise
vorzugsweise"
"предпринимать";"vorzunehmen |
haben vorgenommen
vornahm"
"представлять";"vorstellen |
haben vorgestellt
vorstellte"
"горизонтальный";"waagerecht |
haben waagerecht
waagerecht"
"расти";"wachsen |
sein gewachsen
wuchs"
"воспринимать";"wahrnehmen | (akk)
haben wahrgenommen
wahrnahm"
"охотничий";"waidgerecht |
haben waidgerecht
waidgerecht"
"пеший";"wanderaktiven |
haben wanderaktiven
wanderaktiven"
"гидротехнический";"wasserbaulichen |
haben wasserbaulichen
wasserbaulichen"
"менять";"wechseln | (akk)
haben gewechselt
wechselte"
"холоднокровный";"wechselwarme |
haben wechselwarme
wechselwarme"
"откладывать";"weglegen | (akk)
haben weggelegt
weglegte"
"женский";"weibliche |
haben weibliche
weibliche"
"рыхлый";"weichgründigen |
haben weichgründigen
weichgründigen"
"указывать";"weisen | (auf akk)
haben weisen
wies"
"белый";"weiße |
haben weiße
weiße"
"широкий";"weit |
haben weit
weit"
"продолжать ловить рыбу";"weiterangeln |
haben weitergeangelt
weiterangelte"
"бросать";"werfen | (akk)
haben geworfen
warf"
"бросающий";"werfende |
haben werfende
werfende"
"точить";"wetzen | (akk)
haben gewetzt
wetzte"
"дикий";"wildlebende |
haben wildlebende
wildlebende"
"действовать";"wirken |
haben gewirkt
wirkte"
"хозяйственный";"wirtschaftliche |
haben wirtschaftliche
wirtschaftliche"
"знать";"wissen | (akk)
haben gewusst
wusste"
"благотворительный";"wohltätigen |
haben wohltätigen
wohltätigen"
"хотеть";"wollen |
haben gewollt
wollte"
"с помощью чего";"womit |
haben womit
womit"
"желательный";"wünschenswert |
haben wünschenswert
wünschenswert"
"считать";"zählen |
haben gezählt
zählte"
"количественный";"zahlenmäßige |
haben zahlenmäßige
zahlenmäßige"
"многочисленный";"zahlreiche |
haben zahlreiche
zahlreiche"
"рисовать";"zeichnen | (akk)
haben gezeichnet
zeichnete"
"показывать";"zeigen | (akk)
haben gezeigt
zeigte"
"временный";"zeitweise |
haben zeitweise
zeitweise"
"измельчённый";"zerkleinert |
haben zerkleinert
zerkleinerte"
"разрушать";"zerstören | (akk)
haben zerstört
zerstörte"
"тянуть";"ziehen | (akk)
haben gezogen
zog"
"приготовленный";"zubereitet |
haben zubereitet
zubereitete"
"сначала";"zuerst |
haben zuerst
zuerst"
"причинять";"zufügen | (Dat)
haben zugefügt
fügte"
"доступный";"zugänglichen |
haben zugänglichen
zugänglichen"
"подводить";"zugeführt |
haben zugeführt
zugeführt"
"разрешать";"zugelassen |
haben zugelassen
zugelassen"
"назначать";"zugeordnet |
haben zugeordnet
zugeordnet"
"заострённый";"zugespitzt |
haben zugespitzt
zugespitzt"
"регрессировать";"zurückgebildet |
haben zurückgebildet
zurückgebildet"
"отставать";"zurückgeblieben |
haben zurückgeblieben
zurückgeblieben"
"подрезать";"zurückgeschnitten |
haben zurückgeschnitten
zurückgeschnitten"
"возвращать";"zurückgesetzt |
haben zurückgesetzt
zurückgesetzt"
"соскальзывать";"zurückgleiten |
sein zurückgeglitten
zurückgeglitten"
"возвращать";"zurücksetzen | (akk)
haben zurückgesetzt
zurückgesetzt"
"вместе";"zusammen |
haben zusammen
zusammen"
"сложенный";"zusammengelegten |
haben zusammengelegten
zusammengelegten"
"составной";"zusammengesetzten |
haben zusammengesetzten
zusammengesetzten"
"сросшийся";"zusammengewachsen |
sein zusammengewachsen
zusammengewachsen"
"связанный";"zusammenhängenden |
haben zusammenhängenden
zusammenhängenden"
"подходить";"zusammenpassen |
haben zusammengepasst
zusammengepasst"
"раздвижной";"zusammenschiebbare |
haben zusammenschiebbare
zusammenschiebbare"
"полагаться";"zustehen | (Dat)
haben zugestanden
zustehen"
"относить";"zuzurechnen | (Dat)
haben zugerechnet
zuzurechnete"
"двулетний";"zweisömmrige |
haben zweisömmrige
zweisömmrige"
