"добыча полезных ископаемых";"der Abbau, -e"
"отходы";"der Abfall, ""e"
"выжигание";"das Abflammen, -"
"сток";"der Abfluss, ""e"
"зависимость";"die Abhängigkeit, -en"
"охлаждение";"die Abkühlung, -en"
"месторождение";"die Ablagerung, -en"
"нерест";"das Ablaichen, -"
"сливные устройства";"die Ablassvorrichtungen, -"
"истечение";"der Ablauf, ""e"
"кладка";"das Ablegen, -"
"договорённость";"die Abmachung, -en"
"предупреждение";"die Abmahnung, -en"
"проверка";"die Abnahme, -n"
"снос";"das Abreißen, -"
"соскабливание";"das Abschaben, -"
"выкачивание";"die Abschöpfung, -en"
"смывание";"die Abschwemmung, -en"
"опускание";"das Absinken, -"
"распорка";"das Abspreizen, -"
"интервалы";"die Abständen, -"
"умирание";"das Absterben, -"
"мигрировать";"das Abwandern, -"
"сточные воды";"das Abwasser, """
"ввод сточных вод";"die Abwassereinleitung, -en"
"защита";"die Abwehr, -"
"экстрактор";"das Abzugseisen, -"
"ответвления";"die Abzweigungen, -"
"пахотные земли";"das Ackerlandes, -"
"задний проход";"der After, -"
"анальный плавник";"die Afterflosse, -n"
"край анального плавника";"der Afterflossenrand, ""er"
"AFTMA";"die AFTMA, -"
"проворство";"die Agilität, -"
"агрохимикаты";"die Agrarchemikalien, -"
"голавль";"der Aitel, -"
"акция";"die Aktion, -en"
"язь";"der Aland, -"
"водоросль";"die Alge, -n"
"рост водорослей";"der Algenaufwuchs, -"
"развитие водорослей";"die Algenentwicklung, -en"
"старицы";"die Altarme, -"
"возраст";"das Alter, -"
"определение возраста";"die Altersbestimmung, -en"
"возрастные группы";"die Altersstufen, -"
"старая вода";"das Altwasser, """
"алюминий";"das Aluminium, -"
"Америка";"Amerika, -"
"содержание аммиака";"der Ammoniakgehalt, ""e"
"земноводные";"die Amphibien, -"
"должностные лица";"die Amtspersonen, -"
"анализ";"die Analyse, -n"
"соединение";"die Anbindung, -en"
"место поклевки";"die Anbissstelle, -n"
"изменение";"die Änderung, -en"
"Андреас";"Andreas, -"
"право присвоения";"das Aneignungsrecht, -e"
"начало";"der Anfang, ""e"
"налет";"der Anflug, ""e"
"корм для налета";"die Anflugnahrung, -"
"прикармливание";"das Anfüttern, -"
"удочка";"die Angel, -n"
"рыболов-любитель";"der Angelfischer, -"
"любительское рыболовство";"die Angelfischerei, -en"
"удилище";"die Angelflucht, -"
"рыболовный водоём";"das Angelgewässer, """
"рыболовный крючок";"der Angelhaken, -"
"коллеги-рыболовы";"die Angelkollegen, -"
"метод рыбной ловли";"die Angelmethode, -n"
"место для рыбной ловли";"der Angelplatz, ""e"
"рыболовная катушка";"die Angelrolle, -n"
"удочка";"die Angelrute, -n"
"рыболовная леска";"die Angelschnur, ""e"
"рыболовный день";"der Angeltages, -"
"рыболовные принадлежности";"das Angelzubehör, -"
"рыболов";"der Angler, -"
"сиденье рыболова";"der Anglersitz, -"
"подсечка";"der Anhieb, -"
"установка";"die Anlage, -n"
"высадка на берег";"das Anlanden, -"
"стартовое кольцо";"der Anlaufring, ""e"
"принятие";"die Annahme, -n"
"расположение";"die Anordnung, -en"
"обогащение";"die Anreicherung, -en"
"подход";"der Ansatz, ""e"
"удар";"der Anschlag, ""e"
"поселение";"die Ansiedelung, -en"
"ловля рыбы в засаде";"das Ansitzfischen, -"
"возможности для засады";"die Ansitzmöglichkeiten, -"
"доля";"der Anteil, -e"
"ответ";"die Antwort, -en"
"применение";"die Anwendung, -en"
"присутствие";"die Anwesenheit, -"
"количество";"die Anzahl, -en"
"отображение";"die Anzeige, -n"
"индикатор";"der Anzeiger, -"
"апрель";"der April, -"
"аквариумы";"die Aquarien, -"
"хара";"das Armleuchtergewächs, -e"
"вид";"die Art, -en"
"определение вида";"die Artbestimmung, -en"
"виды";"die Arten, -"
"богатство видами";"der Artenreichtum, -"
"защита видов";"der Artenschutz, -"
"постановление о защите видов";"die Artenschutzverordnung, -en"
"разнообразие видов";"die Artenvielfalt, -"
"состав видов";"die Artenzusammensetzung, -en"
"сородичи";"die Artgenossen, -"
"хариус";"die Äsche, -n"
"регион обитания хариуса";"die Äschenregion, -en"
"аспект";"der Aspekt, -e"
"аспекты";"die Aspekte, -"
"ветви";"die Äste, -"
"атлантический";"der Atlantischer, -"
"дыхание";"die Atmung, -"
"структура";"der Aufbau, -"
"хранение";"die Aufbewahrung, -"
"задача";"die Aufgabe, -n"
"возникновение";"das Aufkommen, -"
"лежать на поверхности";"das Aufliegen, -"
"разрешающая способность";"das Auflösungsvermögen, -"
"разрезание";"das Aufschneiden, -"
"надзорный персонал";"das Aufsichtspersonal, -"
"отмыкание";"das Aufsperren, -"
"обнаружение";"das Aufspüren, -"
"оттаивание";"das Auftauen, -"
"плавучесть";"der Auftrieb, -"
"эпифиты";"der Aufwuchs, -"
"площадь произрастания";"das Aufwuchsareal, -e"
"места произрастания";"die Aufwuchsplätze, -"
"записи";"die Aufzeichnungen, -"
"периоды разведения";"die Aufzuchtzeiten, -"
"глаз";"das Auge, -n"
"глазной рефлекс вращения";"der Augendrehreflexes, -"
"центр глаза";"die Augenmitte, -n"
"август";"der August, -"
"расширение";"der Ausbau, -"
"образование";"die Ausbildung, -en"
"выражение";"der Ausdruck, ""e"
"исполнение";"die Ausführung, -en"
"запуск";"das Auslösen, -"
"степень";"das Ausmaß, -e"
"исключение";"die Ausnahme, -n"
"исключительные случаи";"die Ausnahmefällen, -"
"оборудование";"die Ausrüstung, -en"
"наружный паразит";"der Außenschmarotzer, -"
"выставлять";"das Aussetzen, -"
"выставка";"die Ausstellung, -en"
"вымирание";"das Aussterben, -"
"осуществление";"die Ausübung, -en"
"выбор";"die Auswahl, -en"
"высылка";"die Ausweisung, -en"
"выбрасывать";"das Auswerfen, -"
"воздействие";"die Auswirkung, -en"
"последствия";"die Auswirkungen, -"
"Закон о рыболовстве в заливе AVB";"das AVBayFiG, -"
"ручей";"der Bach, ⸚e"
"ручьи";"die Bächen, -"
"речной рачок";"der Bachflohkrebs, -e"
"ручьевая форель";"die Bachforelle, -n"
"речная мидия";"die Bachmuschel, -n"
"ручьевая минога";"das Bachneunauge, -n"
"голец";"der Bachsaibling, -e"
"белая трясогузка";"die Bachstelze, -n"
"купание";"das Baden, -"
"места для купания";"die Badestellen, -"
"обводнённый карьер";"der Baggersee, -n"
"бактерии";"die Bakterien, -"
"бактерия";"das Bakterium, Bakterien"
"бамбук";"der Bambus, -"
"ленточные черви";"die Bandwürmer, -"
"барбель";"die Bartel, -n"
"бартовая рыба";"die Bartgrundel, -n"
"строительство";"der Bau, -ten"
"живот";"der Bauch, ⸚e"
"брюшная стенка";"die Bauchdecke, -n"
"брюшина";"das Bauchfell, -"
"брюшной плавник";"die Bauchflosse, -n"
"брюшные щитки";"die Bauchschilde, -"
"разрез брюха";"der Bauchschnitt, -e"
"сточные воды из известкового раствора";"das Baukalkabwasser, ⸚"
"деревья";"die Bäume, -"
"кора дерева";"die Baumrinde, -n"
"сточные воды со стройплощадок";"die Baustellenabwässer, -"
"Баварский";"dem Bayerischem, -"
"Бавария";"das Bayern, -"
"Баварии";"des Bayerns, -"
"Закон о рыболовстве в Баварии";"das BayFiG, -"
"соблюдение";"die Beachtung, -en"
"обработка";"die Bearbeitung, -en"
"контроль";"die Beaufsichtigung, -en"
"значение";"die Bedeutung, -en"
"лицензия оператора";"der Bedienungsschein, -e"
"условия";"die Bedingungen, -"
"ухудшение";"die Beeinträchtigung, -en"
"доказательство квалификации";"der Befähigungsnachweis, -e"
"движение";"das Befahren, -"
"заражение";"der Befall, ⸚e"
"возможности рыбной ловли";"die Befischungsmöglichkeiten, -"
"полномочие";"die Befugnis, -se"
"орган оплодотворения";"das Begattungshilfsorgan, -e"
"орган спаривания";"das Begattungsorgan, -e"
"начало";"der Beginn, -e"
"компаньон";"der Begleiter, -"
"сопровождение";"die Begleitung, -en"
"понятие";"der Begriff, -e"
"контейнер";"der Behälter, -"
"лечение";"die Behandlung, -en"
"орган власти";"die Behörde, -n"
"ноги";"die Beine, -"
"пример";"das Beispiel, -e"
"борьба";"die Bekämpfung, -en"
"правомочные лица";"die Berechtigte, -n"
"правомочное лицо";"der Berechtigter, -"
"область";"der Bereich, -e"
"профессиональное обучение";"die Berufsausbildung, -en"
"трогать";"das Berühren, -"
"посадка рыбы";"der Besatz, -"
"зарыбляемая рыба";"der Besatzfische, -"
"водоём для зарыбления";"das Besatzgewässer, -"
"комбинация для зарыбления";"die Besatzkombination, -en"
"мероприятие по зарыблению";"die Besatzmaßnahme, -n"
"материал для зарыбления";"das Besatzmaterial, -"
"качество";"die Beschaffenheit, -"
"затенение";"die Beschattung, -"
"решение";"der Bescheid, -e"
"ограничения";"die Beschränkungen, -"
"защищать";"das Beschützen, -"
"отягощение";"die Beschwerung, -"
"владение";"der Besitz, -"
"особенность";"die Besonderheit, -en"
"покрытие";"die Bespannung, -en"
"запас";"der Bestand, ⸚e"
"запасы";"die Beständen, -"
"поголовье";"des Bestandes, -"
"сохранение запасов";"die Bestandserhaltung, -en"
"пробелы в запасах";"die Bestandslücken, -"
"определение";"die Bestimmung, -en"
"отличительный признак";"das Bestimmungsmerkmal, -e"
"оглушение";"die Betäubung, -en"
"бетон или";"Betonoder, -"
"эксплуатировать";"das Betreiben, -"
"оператор";"der Betreiber, -"
"добыча";"die Beute, -n"
"добывание добычи";"der Beutefang, -"
"движение";"die Bewegung, -en"
"управляющий";"der Bewirtschafter, -"
"управление";"die Bewirtschaftung, -en"
"зубной ряд";"die Bezahnung, -en"
"относится";"bezieht, -"
"районным консультантам";"den Bezirksfachberatern, -"
"бобр";"der Biber, -"
"пчёлы";"die Bienen, -"
"картина";"das Bild, -er"
"образование";"die Bildung, -en"
"способность связываться";"das Bindungsvermögen, -"
"ситник";"die Binse, -n"
"биогазовые установки";"die Biogasanlagen, -"
"биоиндикаторы";"die Bioindikatoren, -"
"биомасса";"die Biomasse, -n"
"ондатра";"der Bisam, -"
"Бискайский залив";"die Biskaya, -"
"укус";"der Biss, -e"
"сигнализатор поклёвки";"der Bissanzeiger, -"
"горчак";"der Bitterling, -e"
"гольян";"der Bitterlingen, -"
"угорь речной";"der Blankaal, -e"
"лысуха";"das Blässhuhn, -ühner"
"сиг";"der Blaufelchen, -"
"слепой отросток";"die Blindsäcke, -"
"блесна";"der Blinker, -"
"тип блесны";"die Blinkerart, -en"
"кровь";"das Blut, -"
"обновление крови";"die Blutauffrischung, -en"
"пыльца";"die Blütenpollen, -"
"стебель цветка";"die Blütenstängel, -"
"время цветения";"die Blütezeit, -en"
"кровоизлияние";"der Blutknoten, -"
"кровотечение";"die Blutungen, -"
"самец";"der Bock, -öcke"
"дно";"der Boden, -"
"донные рыбы";"die Bodenfische, -"
"корм на дне";"die Bodennahrung, -"
"Боденское озеро";"der Bodensee, -"
"субстрат дна";"das Bodensubstrat, -e"
"частица грунта";"die Bodenteilchen, -"
"донная зона";"die Bodenzone, -n"
"бойлы";"die Boilies, -"
"лодка";"das Boot, -e"
"рыбалка с лодки";"das Bootsangeln, -"
"рыбная ловля с лодки";"die Bootsfischerei, -en"
"скорость лодки";"die Bootsgeschwindigkeit, -en"
"возбудитель ботулизма";"der Botulismuserreger, -"
"лещ";"die Brachse, -n"
"регион обитания леща";"die Brachsenregion, -en"
"большой кроншнеп";"der Brachvogel, -ögel"
"солоноватая вода";"das Brackwasser, -"
"негашёная известь";"der Branntkalk, -"
"жаркое";"der Braten, -"
"преломление";"die Brechung, -en"
"ширина";"die Breite, -n"
"тормоз";"die Bremse, -n"
"регулировка тормоза";"die Bremseinstellung, -en"
"прочность на разрыв";"die Bruchfestigkeit, -en"
"грудь";"die Brust, -"
"пара грудных плавников";"das Brustbeinpaar, -e"
"грудной плавник";"die Brustflossen, -"
"выводок";"die Brut, -en"
"нерестовая пара";"das Brutpaar, -e"
"уход за потомством";"die Brutpflege, -"
"удостоверение личности";"der Bundespersonalausweis, -e"
"судоходный путь";"die Bundesschifffahrtsstraße, -n"
"внутренние водные пути";"die Bundeswasserstraßen, -"
"гражданский";"bürgerliches"
"щетинки";"die Bürstenzähne, -"
"рак-боксер";"der Butterkrebs, -e"
"хирургический узел";"der Chirurgenknoten, -"
"соединение";"der Clinch, -e"
"вьюнковые";"die Cobitiden, -"
"сиги";"die Coregonen, -"
"виды сигов";"die Coregonenarten, -"
"сиговые";"die Coregoniden, -"
"керчаковые";"die Cottiden, -"
"карповые";"die Cypriniden, -"
"плотины";"die Dämme, -"
"сумерки";"die Dämmerung, -"
"кишечник";"der Darm, -e"
"кишечное дыхание";"die Darmatmung, -"
"кишки";"der Darmes, -"
"кишечные паразиты";"die Darmschmarotzer, -"
"продолжительность";"die Dauer, -"
"большой палец руки";"der Daumen, -"
"растяжение";"die Dehnung, -"
"вмятина";"die Delle, -n"
"дезинфекция";"die Desinfektion, -"
"декабрь";"der Dezember, -"
"кража";"der Diebstahl, -"
"знак отличия";"das Dienstabzeichen, -"
"служебное удостоверение";"der Dienstausweis, -e"
"Дунай";"die Donau, -"
"бассейн Дуная";"das Donaueinzugsgebiet, -e"
"дунайский ерш";"der Donaukaulbarsch, -e"
"двойной крючок";"der Doppelhaken, -"
"двойной узел";"der Doppelknoten, -"
"шип";"der Dorn, -en"
"шипы";"die Dornen, -"
"остистые отростки";"die Dornfortsätze, -"
"колюшка";"die Dorngrundel, -n"
"желточный мешок";"der Dottersack, -e"
"вертячка";"die Drehkrankheit, -"
"вращение";"die Drehung, -"
"дрейссена";"die Dreikantmuschel, -n"
"трехиглый";"dreistachliger"
"сверло";"der Drill, -"
"тройник";"der Drilling, -e"
"вертлюг для блесны";"der Drillingshaken, -"
"дрон";"die Drohnen, -"
"давление";"der Druck, -e"
"испытание под давлением";"die Druckprobe, -n"
"железистые клетки";"die Drüsenzellen, -"
"удобрение";"der Dünger, -"
"удобрения";"die Düngestoffe, -"
"темнота";"die Dunkelheit, -"
"готовить на пару";"dünsten, -"
"проводить";"durchführen, -"
"проходимость";"die Durchgängigkeit, -"
"пловец, плавающий на спине";"der Durchlaufschwimmers, -"
"диаметр";"der Durchmesser, -"
"динамика";"die Dynamik, -"
"эхолот";"das Echolot, -e"
"благородный";"edel, -"
"благородный рак";"der Edelkrebs, -e"
"эффективность";"die Effizienz, -"
"откладка яиц";"die Eiablage, -n"
"яйца";"die Eier, -"
"яичники";"die Eierstöcke, -"
"собственный вес";"das Eigengewicht, -e"
"свойство";"die Eigenschaft, -en"
"собственность";"das Eigentum, -"
"владелец";"der Eigentümer, -"
"приобретение права собственности";"der Eigentumserwerb, -"
"собственное потребление";"der Eigenverbrauch, -"
"тесты на пригодность";"die Eignungstests, -"
"установка";"der Einbau, -"
"простой крючок";"der Einfachhaken, -"
"оправа";"die Einfassung, -en"
"влияние";"der Einfluss, -"
"влияния";"die Einflüsse, -"
"внутренности";"die Eingeweide, -"
"соблюдение";"die Einhaltung, -"
"одноручный прут";"die Einhandrute, -n"
"единица";"die Einheit, -en"
"вкладывать";"einlegen, -"
"введение";"die Einleitung, -"
"место ввода";"die Einleitungsstelle, -n"
"обстановка";"die Einrichtung, -en"
"использование";"der Einsatz, -"
"включать";"einschalten, -"
"надрезать";"einschneiden, -"
"сужение";"die Einschnürung, -"
"ограничение";"die Einschränkung, -"
"заиливание";"die Einschwemmung, -"
"заплывание";"das Einschwimmen, -"
"установка";"die Einstellung, -en"
"подёнка";"die Eintagsfliege, -n"
"личинка подёнки";"die Eintagsfliegenlarve, -n"
"классификация";"die Einteilung, -en"
"запись";"der Eintrag, -äe"
"вход";"die Eintrittspforte, -n"
"согласие";"das Einverständnis, -se"
"обернуть";"das Einwickeln, -"
"согласие";"die Einwilligung, -en"
"житель";"der Einwohner, -"
"единичный случай";"der Einzelfall, -älle"
"одиночный крючок";"der Einzelhaken, -"
"одиночная чешуя";"die Einzelschuppe, -n"
"водосбор";"das Einzugsgebiet, -e"
"лёд";"das Eis, -"
"ледяной покров";"die Eisdecke, -n"
"содержание железа";"der Eisengehalt, -e"
"зимородок";"der Eisvogel, -ö"
"белок";"das Eiweiß, -e"
"Эльба";"die Elbe, -"
"электрорыбалка";"die Elektrobefischung, -en"
"электрорыболовство";"die Elektrofischerei, -en"
"гольян";"die Elritze, -n"
"эльзасец";"der Elsässer, -"
"конец";"das Ende, -n"
"последняя мушка";"die Endfliege, -n"
"конечный размер";"die Endgröße, -n"
"конечное кольцо";"der Endring, -e"
"кончик";"die Endspitze, -n"
"обескровливание";"das Entbluten, -"
"удаление";"die Entfernung, -en"
"забор";"die Entnahme, -n"
"решение";"die Entscheidung, -en"
"осушительный ров";"der Entwässerungsgraben, -ä"
"развитие";"die Entwicklung, -en"
"форма развития";"die Entwicklungsform, -en"
"стадия развития";"das Entwicklungsstadium, -stadien"
"земляной вертел";"der Erdspieß, -e"
"сбор";"die Erfassung, -en"
"успех";"der Erfolg, -e"
"исполнение";"die Erfüllung, -en"
"получение";"der Erhalt, -"
"сохранение";"die Erhaltung, -en"
"повышение";"die Erhöhung, -en"
"отличительный признак";"das Erkennungsmerkmal, -e"
"заболевание";"die Erkrankung, -en"
"разрешение";"die Erlaubnis, -se"
"лицензия";"der Erlaubnisschein, -e"
"владелец лицензии";"der Erlaubnisscheininhaber, -"
"лицензионное обязательство";"die Erlaubnisscheinpflicht, -en"
"усмотрение";"das Ermessen, -"
"расследование";"die Ermittlung, -en"
"питание";"die Ernährung, -en"
"пищевое поведение";"das Ernährungsverhalten, -"
"возбудитель";"der Erreger, -"
"запасная чешуя";"die Ersatzschuppe, -n"
"запасная часть";"das Ersatzteil, -e"
"явление";"die Erscheinung, -en"
"выдача";"die Erteilung, -en"
"урожай";"der Ertrag, -äe"
"урожайность";"die Ertragsfähigkeit, -en"
"потепление";"die Erwärmung, -en"
"приобретение";"der Erwerb, -e"
"законные опекуны";"die Erziehungsberechtigte, -n"
"маринованный";"der Essigsud, -e"
"европейский канал";"der Europakanal, -e"
"эвтрофикация";"die Eutrophierung, -en"
"экземпляр";"das Exemplar, -e"
"нитчатая водоросль";"die Fadenalge, -n"
"способность";"die Fähigkeit, -en"
"флаг";"die Fahne, -n"
"транспортное средство";"das Fahrzeug, -e"
"фактор";"der Faktor, -en"
"улов";"der Fang, -e"
"вид ловли";"die Fangart, -en"
"перспектива улова";"die Fangaussicht, -en"
"ограничения на вылов";"die Fangbeschränkung, -en"
"успех в ловле";"der Fangerfolg, -e"
"рыболовное устройство";"das Fanggerät, -e"
"рыболовные воды";"das Fanggewässer, -"
"количество улова";"die Fangmenge, -n"
"метод ловли";"die Fangmethode, -n"
"средство ловли";"das Fangmittel, -"
"возможность поймать";"die Fangmöglichkeit, -en"
"место ловли";"der Fangplatz, -e"
"клык";"der Fangzahn, -e"
"цветная лента";"das Farbband, -er"
"цвет";"die Farbe, -n"
"окраска";"die Färbung, -en"
"цветовая клетка";"die Farbzelle, -n"
"болотный газ";"das Faulgas, -e"
"гниение";"die Fäulnis, -se"
"февраль";"der Februar, -e"
"фидерное удилище";"die Feederrute, -n"
"загрязнение мелким осадком";"die Feinsedimentbelastung, -en"
"мелкий осадок";"das Feinsediment, -e"
"полевые насаждения";"das Feldgehölz, -e"
"мастерство";"die Fertigkeit, -en"
"прочность";"die Festigkeit, -en"
"установление";"die Feststellung, -en"
"закрепление";"das Festziehen, -"
"жировой плавник";"die Fettflosse, -n"
"содержание жира";"der Fettgehalt, -e"
"огонь";"das Feuer, -"
"лучевой плавник";"der Fiederstrahl, -en"
"филе";"das Filet, -s"
"кусок филе";"das Filetstück, -e"
"налоговое управление";"das Finanzamt, -¨er"
"палец";"der Finger, -"
"мелкое место";"die Flachstelle, -n"
"мелководье";"der Flachwasserbereich, -e"
"пламя";"die Flamme, -n"
"фланг";"die Flanke, -n"
"камыш";"die Flatterbinse, -n"
"пятно";"der Fleck, -e"
"мясная кость";"die Fleischgräte, -n"
"качество мяса";"die Fleischqualität, -en"
"муха";"die Fliege, -n"
"ловля нахлыстом";"das Fliegenfischen, -"
"ловля нахлыстом";"die Fliegenfischerei, -en"
"удилище для ловли нахлыстом";"die Fliegengerte, -n"
"катушка для ловли нахлыстом";"die Fliegenrolle, -n"
"удилище для ловли нахлыстом";"die Fliegenrute, -n"
"леска для ловли нахлыстом";"die Fliegenschnur, -¨e"
"поводок для ловли нахлыстом";"das Fliegenvorfach, -¨er"
"скорость течения";"die Fließgeschwindigkeit, -en"
"текучая вода";"das Fließgewässer, -"
"управление текучими водами";"die Fließgewässerbewirtschaftung, -en"
"проточный канал";"der Fließkanal, -¨e"
"рыбная ловля с плота";"das Floßangeln, -"
"плавник";"die Flosse, -n"
"перепонка плавника";"die Flossenhaut, -¨e"
"плавник";"der Flossensaum, -säume"
"положение плавника";"die Flossenstellung, -en"
"луч плавника";"der Flossenstrahl, -en"
"поведение при бегстве";"das Fluchtverhalten, -"
"попытка побега";"der Fluchtversuch, -e"
"нахлыстовая удочка";"die Flugangel, -n"
"ловля нахлыстом";"das Flugangeln, -"
"река";"der Fluss, Flüsse"
"окунь";"der Flussbarsch, -e"
"спрямление русла";"die Flussbegradigung, -en"
"бассейн реки";"das Flussgebiet, -e"
"жидкость";"die Flüssigkeit, -en"
"речной рак";"der Flusskrebs, -e"
"речная мидия";"die Flussmuschel, -n"
"речная минога";"das Flussneunauge, -n"
"европейская жемчужница";"die Flussperlmuschel, -n"
"участок реки";"die Flussstrecke, -n"
"речная вода";"das Flusswasser, -"
"последствие";"die Folge, -n"
"содействие";"die Förderung, -en"
"форма";"die Form, -en"
"передвижение";"die Fortbewegung, -en"
"размножение";"die Fortpflanzung, -en"
"тип размножения";"der Fortpflanzungstyp, -en"
"вопрос";"die Frage, -n"
"корм";"der Fraß, -"
"пресс хищников";"der Fraßdruck, -"
"обыкновенный горчак";"der Frauennerfling, -e"
"линия электропередачи";"die Freileitung, -en"
"открытая вода";"das Freiwasser, -"
"свободноплавающий икрометатель";"der Freiwasserlaicher, -"
"зона открытой воды";"die Freiwasserzone, -n"
"использование в свободное время";"die Freizeitnutzung, -en"
"инородное тело";"der Fremdkörper, -"
"частота";"die Frequenz, -en"
"стадия кормления";"das Fressstadium, -"
"мирная рыба";"der Friedfisch, -e"
"жарка во фритюре";"das Frittieren, -"
"кувшинка";"der Froschbiss, -"
"лягушка";"der Frosch, Frösche"
"икра лягушки";"das Froschei, -er"
"мороз";"der Frost, -"
"весна";"der Frühjahr, -e"
"весенний отлов рыбы";"die Frühjahrsabfischung, -en"
"осязание";"die Fühlung, -en"
"руководство";"die Führung, -en"
"ведущая рука";"die Führungshand, -e"
"функция";"die Funktion, -en"
"кормовая рыба";"der Futterfisch, -e"
"кормушка";"der Futterkorb, -körbe"
"кормовая спираль";"die Futterspirale, -n"
"галисийский";"das Galizisch, -"
"желчный пузырь";"die Gallenblase, -n"
"желточная нить";"die Gallertschnur, -"
"лосось";"der Gangfisch, -e"
"большой крохаль";"der Gänsesäger, -"
"садовый пруд";"der Gartenteich, -e"
"гость";"der Gast, Gäste"
"колюшка";"der Gasterosteide, -n"
"нёбо";"der Gaumen, -"
"горный ручей";"der Gebirgsbach, -bäche"
"использование";"der Gebrauch, -"
"предмет обихода";"der Gebrauchsgegenstand, -stände"
"Геesthacht";"Geesthacht, -"
"опасность";"die Gefahr, -en"
"сосуд";"das Gefäß, -e"
"противовес";"das Gegenlager, -"
"противоположность";"der Gegensatz, -sätze"
"предмет";"der Gegenstand, -stände"
"настоящее время";"die Gegenwart, -"
"содержание";"der Gehalt, -e"
"укол в мозг";"der Gehirnstich, -e"
"древесина";"das Gehölz, -e"
"кромка леса";"der Gehölzsaum, -säume"
"орган слуха";"das Gehörorgan, -e"
"слуховой камешек";"das Gehörsteinchen, -"
"полоса местности";"der Geländestreifen, -"
"жёлтый угорь";"der Gelbaal, -e"
"жёлтый";"das Gelb, -"
"личинка жёлтого жука-плавунца";"die Gelbrandkäferlarve, -n"
"денежный штраф";"die Geldbuße, -n"
"кладка яиц";"das Gelege, -"
"одобрение";"die Genehmigung, -en"
"устройство";"das Gerät, -e"
"ящик для инструментов";"der Gerätekasten, -"
"проверка оборудования";"der Gerätetest, -"
"настройка оборудования";"die Gerätezusammenstellung, -en"
"гравийное дно";"der Gerölluntergrund, -"
"запах";"der Geruch, -"
"обоняние";"der Geruchsinn, -"
"орган обоняния";"das Geruchsorgan, -e"
"обонятельный раздражитель";"der Geruchsreiz, -"
"обоняние";"der Geruchssinn, -"
"восприятие запаха";"die Geruchswahrnehmung, -en"
"общая длина";"die Gesamtlänge, -n"
"пол";"das Geschlecht, -er"
"половая зрелость";"die Geschlechtsreife, -"
"вкус";"der Geschmack, -"
"вкусовой раздражитель";"der Geschmacksreiz, -"
"чувство вкуса";"der Geschmackssinn, -"
"общество";"die Gesellschaft, -en"
"закон";"das Gesetz, -e"
"свод законов";"das Gesetzbuch, -er"
"точка зрения";"der Gesichtspunkt, -e"
"форма";"die Gestalt, -en"
"здоровье";"die Gesundheit, -"
"передаточное число";"die Getriebeübersetzung, -en"
"водоём";"das Gewässer, -"
"загрязнение воды";"die Gewässerbelastung, -en"
"русло реки";"das Gewässerbett, -en"
"управление водными ресурсами";"die Gewässerbewirtschaftung, -en"
"дно водоёма";"der Gewässerboden, -"
"владелец водоёма";"der Gewässereigentümer, -"
"дно водоёма";"der Gewässergrund, -"
"качество воды";"die Gewässergüte, -"
"уход за водоёмом";"die Gewässerhege, -"
"участок водоёма";"die Gewässerstrecke, -n"
"структура водоёма";"die Gewässerstruktur, -en"
"водная система";"das Gewässersystem, -"
"мутность воды";"die Gewässertrübung, -en"
"исследование воды";"die Gewässeruntersuchung, -en"
"смотритель водоёма";"der Gewässerwart, -e"
"вес";"das Gewicht, -e"
"распределение по весу";"die Gewichtseinteilung, -en"
"увеличение веса";"die Gewichtszunahme, -n"
"гроза";"das Gewitter, -"
"фронтон";"der Giebel, -"
"токсин";"der Giftstoff, -e"
"стекло";"das Glas, -er"
"стеклянный угорь";"der Glasaal, -e"
"стекловолокно";"die Glasfaser, -n"
"равновесие";"das Gleichgewicht, -e"
"орган равновесия";"das Gleichgewichtsorgan, -e"
"нарушение равновесия";"die Gleichgewichtsstörung, -en"
"грудной плавник";"die Gleitfloß, -e"
"личинка";"die Glochidie, -n"
"колокол";"die Glock, -e"
"выпученные глаза";"das Glotzauge, -n"
"золотой крючок";"der Goldhaken, -"
"золотая орфа";"die Goldorfe, -n"
"залив";"der Golf, -"
"ров";"der Graben, -"
"очистка канав";"die Grabenräumung, -en"
"градус";"der Grad, -"
"травяная рыба";"der Grasfisch, -e"
"кость";"die Gräte, -n"
"серый гусь";"die Graugans, -e"
"серая цапля";"der Graureiher, -"
"граница";"die Grenze, -n"
"пограничные воды";"das Grenzgewässer, -"
"болезнь мелких креветок";"die Grießkörnchenkrankheit, -en"
"грифель";"der Griffel, -"
"грифель";"das Griffelbein, -e"
"пара грифельных костей";"das Griffelbeinpaar, -e"
"ручка";"der Griffteil, -e"
"сверчок";"die Grillen, -"
"личинка стрекозы";"die Großlibellenlarve, -n"
"большой моллюск";"die Großmuschel, -n"
"земля";"der Grund, -e"
"донная удочка";"die Grundangel, -n"
"донная ловля";"das Grundangeln, -"
"бычок";"die Grundel, -n"
"донная рыбалка";"das Grundfischen, -"
"основание";"die Grundlage, -n"
"гольян";"der Gründling, -e"
"основное удилище";"die Grundrute, -n"
"принцип";"der Grundsatz, -e"
"основная леска";"die Grundschnur, -e"
"участок";"das Grundstück, -e"
"владелец земли";"der Grundstückbesitzer, -"
"владелец земли";"der Grundstückseigentümer, -"
"грунтовые воды";"das Grundwasser, -"
"группа";"die Gruppe, -n"
"жидкий навоз";"die Gülle, -n"
"срок действия";"die Gültigkeit, -"
"резина";"der Gummi, -"
"размер резиновой рыбки";"die Gummifischgröße, -n"
"резиновая сеть";"das Gumminetz, -e"
"резиновая поверхность";"die Gummioberfläche, -n"
"резиновые сапоги";"die Gummistiefel, -"
"омут";"der Gumpen, -"
"лещ";"die Güster, -"
"класс качества";"die Güteklasse, -n"
"волосяная оснастка";"die Haarmontage, -n"
"присоска";"die Haftscheibe, -n"
"тип крючка";"die Hakenart, -en"
"форма крючка";"die Hakenform, -en"
"размер крючка";"die Hakengröße, -n"
"экстрактор";"der Hakenlöser, -"
"узел на цевье крючка";"der Hakenschaftknoten, -"
"кончики крючков";"die Hakenspitzen, -"
"система крючков";"das Hakensystem, -e"
"тип крючка";"der Hakentyp, -en"
"выбор крючка";"die Hakenwahl, -"
"остановка";"der Halt, -e"
"срок годности";"die Haltbarkeit, -"
"хранение";"die Hälterung, -"
"рука";"die Hand, -e"
"ручная удочка";"die Handangel, -n"
"ручные сосуды";"die Handgefäßen, -"
"обработка";"die Handhabung, -"
"действия";"die Handlungen, -"
"букет";"der Handstrauß, -e"
"горсть";"die Handvoll, -"
"застревание";"das Hängenbleiben, -"
"зацеп";"der Hänger, -"
"моча";"der Harn, -"
"мочевой пузырь";"die Harnblase, -n"
"гарпун";"die Harpune, -n"
"степень твердости";"der Härtegrad, -e"
"твердая древесина";"das Hartholz, -e"
"твердый пенопласт";"der Hartschaum, -"
"жесткий луч";"der Hartstrahl, -en"
"орех";"die Hasel, -n"
"чомга";"der Haubentaucher, -"
"основная задача";"die Hauptaufgabe, -n"
"основные группы";"die Hauptgruppen, -"
"основной нервный ствол";"der Hauptnervenstrang, -"
"основная леска";"die Hauptschnur, -e"
"толщина основной лески";"die Hauptschnurstärke, -n"
"основной луч";"der Hauptstrahl, -en"
"домашнее животное";"das Haustier, -e"
"кожа";"die Haut, -e"
"покров кожи";"die Hautabdeckung, -en"
"покрытие кожи";"die Hautbedeckung, -en"
"кожное заболевание";"die Hautkrankheit, -en"
"кожный паразит";"der Hautparasit, -en"
"повреждение кожи";"der Hautschaden, -"
"паразит кожи";"der Hautschmarotzer, -"
"линька";"die Häutung, -en"
"изменение кожи";"die Hautveränderung, -en"
"гребень";"die Hechel, -n"
"грести";"hecheln"
"зуб гребня";"der Hechelzahn, -¨-e"
"изгородь";"die Hecke, -n"
"уход";"die Hege, -n"
"мера по уходу";"die Hegemaßnahme, -n"
"обязанность по уходу";"die Hegepflicht, -en"
"цель ухода";"das Hegeziel, -e"
"тепловая электростанция";"das Heizkraftwerk, -e"
"помощник";"der Helfer, -"
"выдача";"die Herausgabe, -n"
"вынимать";"herausnehmen"
"осень";"der Herbst, -e"
"происхождение";"die Herkunft, -¨-e"
"вода происхождения";"das Herkunftsgewässer, -"
"материал изготовления";"das Herstellungsmaterial, -e"
"сердце";"das Herz, -en"
"сердечный";"Herzens"
"удар в сердце";"der Herzstich, -e"
"помощь";"die Hilfe, -n"
"вспомогательный прибор";"das Hilfsgerät, -e"
"вспомогательный инструмент";"das Hilfsinstrument, -e"
"небо";"der Himmel, -"
"задний конец";"das Hinterende, -n"
"брюшко";"der Hinterleib, -er"
"высокогорная форма";"die Hochgebirgsform, -en"
"высокогорное озеро";"der Hochgebirgssee, -n"
"морская рыбалка";"das Hochseefischen"
"наводнение";"das Hochwasser, -"
"случай наводнения";"das Hochwasserereignis, -se"
"защита от наводнений";"der Hochwasserschutz, -"
"лебедь-шипун";"der Höckerschwan, -¨-e"
"высота";"die Höhe, -n"
"стеклотара";"das Hohlglas, -¨-er"
"дерево";"das Holz, -¨-er"
"деревянный забор";"der Holzlattenzaun, -¨-e"
"гормональное управление";"die Hormonsteuerung, -en"
"роговица";"die Hornhaut, -¨-e"
"помутнение роговицы";"die Hornhauttrübung, -en"
"роговой зуб";"der Hornzahn, -""e"
"стручок";"die Hülse, -n"
"соединение внахлёст";"die Hülsenverbindung, -en"
"гуминовая кислота";"die Huminsäure, -n"
"собака";"der Hund, -e"
"веслоногий рачок";"der Hüpferling, -e"
"вилка пчеловода";"die Imkergabel, -n"
"индивидуум";"das Individuum, -ien"
"плотность индивидуумов";"die Individuendichte, -n"
"промышленное предприятие";"die Industrieanlage, -n"
"инфекционная болезнь";"die Infektionskrankheit, -en"
"информация";"die Information, -en"
"владелец";"der Inhaber, -"
"содержание";"der Inhalt, -e"
"внутреннее ухо";"das Innenohr, -en"
"внутренний паразит";"der Innenparasit, -en"
"внутренняя сторона";"die Innenseite, -n"
"насекомое";"das Insekt, -en"
"яйца насекомых";"die Insekteneier, -"
"личинка насекомого";"die Insektenlarve, -n"
"остров";"die Insel, -n"
"институт";"das Institut, -e"
"интерес";"das Interesse, -n"
"охота";"die Jagd, -en"
"лицо, имеющее право на охоту";"der Jagdberechtigte, -n"
"право на охоту";"das Jagdrecht, -e"
"год";"das Jahr, -e"
"течение года";"der Jahresverlauf, -e"
"время года";"die Jahreszeit, -en"
"январь";"der Januar, -e"
"джеркбейт";"der Jerkbait, -s"
"юность";"die Jugend, -"
"юношеское рыболовное удостоверение";"der Jugendfischereischein, -e"
"ювенальная форма";"die Jugendform, -en"
"юный";"der Jugendliche, -n"
"юношеская стадия";"das Jugendstadium, -ien"
"июль";"der Juli, -"
"молодой угорь";"der Jungaal, -e"
"молодая барбус";"die Jungbarbe, -n"
"молодая рыба";"der Jungfisch, -e"
"молодая мидия";"die Jungmuschel, -n"
"молодое животное";"das Jungtier, -e"
"молодой судак";"der Jungzander, -"
"июнь";"der Juni, -"
"известь";"der Kalk, -e"
"содержание извести";"der Kalkgehalt, -e"
"рак-гамбарус";"der Kamberkrebs, -e"
"гребень";"der Kamm, -""e"
"камера";"die Kammer, -n"
"чешуйка гребня";"die Kammschuppe, -n"
"каннибализм";"der Kannibalismus, -"
"капитал";"das Kapital, -"
"карась";"die Karausche, -n"
"картофель";"die Kartoffel, -n"
"ёрш";"der Kaulbarsch, -e"
"жевательная пластинка";"die Kauplatte, -n"
"разрез на горле";"der Kehlschnitt, -e"
"зародыш";"der Keim, -e"
"знание";"die Kenntnis, -se"
"сачок";"der Kescher, -"
"котел";"der Kessler, -"
"бычок-головастик Кесслера";"die Kesslergrundel, -n"
"шнур с грузилом";"die Keulenschnur, -"
"чибис";"der Kiebitz, -e"
"челюсть";"der Kiefer, -"
"жабра";"die Kieme, -n"
"придатки жабр";"die Kiemenanhänge, -"
"жаберная дуга";"der Kiemenbogen, -"
"жаберная крышка";"der Kiemendeckel, -"
"движение жаберной крышки";"die Kiemendeckelbewegung, -en"
"болезнь жабр";"die Kiemenfäule, -"
"жаберный рак";"der Kiemenkrebs, -e"
"поражение жаберным раком";"der Kiemenkrebsbefall, -""e"
"жаберное отверстие";"die Kiemenöffnung, -en"
"жаберное пространство";"der Kiemenraum, -e"
"жаберная тычинка";"der Kiemenreusendorn, -en"
"круговой срез жабры";"der Kiemenrundschnitt, -e"
"жаберный разрез";"der Kiemenschnitt, -e"
"гравий";"der Kies, -e"
"гравийная отмель";"die Kiesbank, -e"
"гравийное ложе";"das Kiesbett, -en"
"галечный камень";"der Kieselstein, -e"
"гравийный карьер";"die Kiesgrube, -n"
"мечущий икру на гравии";"der Kieslaicher, -"
"место для метания икры на гравии";"der Kieslaichplatz, -e"
"километр";"der Kilometer, -"
"соединительный узел";"der Klammerknoten, -"
"класс";"die Klasse, -n"
"вид мелкой рыбы";"die Kleinfischart, -en"
"мелкая рыба";"der Kleinfisch, -e"
"мелкий рачок";"der Kleinkrebs, -e"
"личинка мелкой стрекозы";"die Kleinlibellenlarve, -n"
"вид мелкого животного";"die Kleintierart, -en"
"мелкое животное";"das Kleintier, -e"
"изменение климата";"der Klimawandel, -"
"лезвие";"die Klinge, -n"
"излом";"der Knick, -e"
"химический источник света";"das Knicklicht, -er"
"костная рыба";"der Knochenfisch, -e"
"костная пластина";"die Knochenplatte, -n"
"хрящевая рыба";"der Knorpelfisch, -e"
"узел";"der Knot, -en"
"узел";"der Knoten, -"
"прочность узла";"die Knotenfestigkeit, -en"
"колчан";"der Köcher, -"
"ручейник";"die Köcherfliege, -n"
"личинка ручейника";"die Köcherfliegenlarve, -n"
"приманка";"der Köder, -"
"живец";"der Köderfisch, -e"
"ловля на живца";"das Köderfischen, -"
"ловля на живца";"der Köderfischfang, -e"
"имитация живца";"die Köderfischimitation, -en"
"проводка приманки";"die Köderführung, -en"
"крючок для приманки";"der Köderhaken, -"
"материал приманки";"das Ködermaterial, -ien"
"углеродное волокно";"die Kohlefaser, -n"
"углекислый газ";"das Kohlendioxid, -"
"омут";"die Kolke, -n"
"комбинация";"die Kombination, -en"
"форма конструкции";"die Konstruktionsform, -en"
"контакт";"der Kontakt, -e"
"голова";"der Kopf, -e"
"основание головы";"der Kopfansatz, -e"
"удар головой";"der Kopfschlag, -e"
"головной поводок";"die Kopfschnur, -en"
"кончик головы";"die Kopfspitze, -n"
"головная часть";"das Kopfteil, -e"
"бычки";"die Koppen, -"
"баклан";"der Kormoran, -e"
"зёрнышко";"das Körnchen, -"
"тело";"der Körper, -"
"покров тела";"die Körperbedornung, -en"
"конец тела";"das Körperende, -n"
"бок тела";"die Körperflanke, -n"
"форма тела";"die Körperform, -en"
"размер тела";"die Körpergröße, -n"
"осанка";"die Körperhaltung, -en"
"длина тела";"die Körperlänge, -n"
"середина тела";"die Körpermitte, -n"
"поверхность тела";"die Körperoberfläche, -n"
"сторона тела";"die Körperseite, -n"
"температура тела";"die Körpertemperatur, -en"
"окружность тела";"der Körperumfang, -e"
"нижняя часть тела";"die Körperunterseite, -n"
"сила";"die Kraft, -""e"
"автомобиль";"das Kraftfahrzeug, -e"
"распределение силы";"die Kraftverteilung, -en"
"болезнь";"die Krankheit, -en"
"возбудитель болезни";"der Krankheitserreger, -"
"симптом";"die Krankheitserscheinung, -en"
"царапина";"der Kratzer, -"
"капуста";"das Kraut, -""er"
"земноводное";"der Krautlaicher, -"
"рак";"der Krebs, -e"
"вид рака";"die Krebsart, -en"
"ловля раков";"der Krebsfang, -""e"
"ловец раков";"der Krebsfänger, -"
"водоём для раков";"das Krebsgewässer, -"
"панцирь рака";"der Krebspanzer, -"
"раковая чума";"die Krebspest, -"
"кровообращение";"der Kreislauf, -""e"
"районное управление";"die Kreisverwaltungsbehörde, -n"
"перекрёсток";"die Kreuzung, -en"
"личинка мошки";"die Kriebelmückenlarve, -n"
"критерий";"das Kriterium, -ien"
"жаба";"die Kröte, -n"
"ракообразное";"das Krustentier, -e"
"паук-кругопряд";"der Kugelspinner, -"
"аккумулятор холода";"der Kühlakku, -s"
"сумка-холодильник";"die Kühlbox, -en"
"холодильник";"der Kühlschrank, -""e"
"забор охлаждающей воды";"die Kühlwassereinleitung, -en"
"культурный ландшафт";"die Kulturlandschaft, -en"
"срок расторжения договора";"die Kündigungsfrist, -en"
"шнур из искусственного волокна";"die Kunstfaserschnur, -""e"
"искусственная мушка";"die Kunstfliege, -n"
"искусственная приманка";"der Kunstköder, -"
"ловля на искусственные приманки";"das Kunstköderangeln, -"
"пластик";"der Kunststoff, -e"
"пластиковая пластинка";"das Kunststoffblättchen, -"
"озёрная чайка";"die Lachmöwe, -n"
"положение";"die Lage, -n"
"срок хранения";"die Lagerdauer, -n"
"условия хранения";"die Lagerungsbedingungen, -"
"икра";"der Laich, -"
"откладка икры";"die Laichablage, -n"
"высыпание на коже от икры";"der Laichausschlag, -""e"
"нерест";"das Laichen, -"
"нерестовая рыба";"der Laichfisch, -e"
"нерестилище";"das Laichgebiet, -e"
"нерестовая яма";"die Laichgrube, -n"
"крючок для ловли рыбы во время нереста";"der Laichhaken, -"
"помощь при нересте";"die Laichhilfe, -n"
"рдест";"das Laichkraut, -""er"
"место нереста";"der Laichplatz, -""e"
"половая зрелость";"die Laichreife, -"
"заповедник для нереста";"der Laichschonbezirk, -e"
"субстрат для нереста";"das Laichsubstrat, -e"
"миграция на нерест";"die Laichwanderung, -en"
"время нереста";"die Laichzeit, -en"
"посадочное устройство";"das Landegerät, -e"
"помощь при посадке";"die Landehilfe, -n"
"ведомство земли";"das Landesamt, -""er"
"учреждение земли";"die Landesanstalt, -en"
"картина ландшафта";"das Landschaftbild, -er"
"пейзаж";"die Landschaft, -en"
"ландшафтный заповедник";"das Landschaftsschutzgebiet, -e"
"посадка";"die Landung, -en"
"фермер";"der Landwirt, -e"
"сельское хозяйство";"die Landwirtschaft, -en"
"длина";"die Länge, -n"
"мера длины";"das Längenmaß, -e"
"продольная полоса";"der Längsstreifen, -"
"продольная защита откоса";"die Längsverbau, -e"
"лоскут";"der Lappen, -"
"личинка";"die Larve, -n"
"личиночная стадия";"das Larvenstadium, -ien"
"беседка";"die Laube, -n"
"поведение при беге";"das Laufverhalten, -"
"жизненные потребности";"der Lebensbedarf, -"
"условие жизни";"die Lebensbedingung, -en"
"биоценоз";"die Lebensgemeinschaft, -en"
"год жизни";"das Lebensjahr, -e"
"продукты питания";"das Lebensmittel, -"
"среда обитания";"der Lebensraum, -e"
"условие среды обитания";"die Lebensraumbedingung, -en"
"разнообразие среды обитания";"die Lebensraumvielfalt, -"
"продолжительность жизни";"die Lebenszeit, -"
"печень";"die Leber, -n"
"зеркальный карп";"der Lederkarpfen, -"
"холостой бросок";"der Leerwurf, -e"
"яйцеклад";"die Legeröhre, -n"
"глина";"der Lehm, -e"
"полость тела";"die Leibeshöhle, -n"
"страдание";"das Leid, -"
"руководящий образ";"das Leitbild, -er"
"вид индикатор";"der Leitfisch, -e"
"руководящая идея";"der Leitgedanke, -n"
"личинка стрекозы";"die Libellenlarve, -n"
"свет";"das Licht, -"
"источник света";"die Lichtquelle, -n"
"зрительное ощущение света";"der Lichtsinneseindruck, -e"
"линия";"die Linie, -n"
"губа";"die Lippe, -n"
"крючок на губе";"der Lipphaken, -"
"список";"die Liste, -n"
"литр";"der Liter, -"
"ложка";"der Löffel, -"
"экстрактор";"die Lösezange, -n"
"растворимость";"die Löslichkeit, -"
"решение";"die Lösung, -en"
"воздух";"die Luft, -"
"давление воздуха";"der Luftdruck, -e"
"лёгкое";"die Lunge, -n"
"лупа";"die Lupe, -n"
"земноводное";"der Lurch, -e"
"опарыш";"die Made, -n"
"контейнер для опарышей";"das Madenkörbchen, -"
"функция магазина";"die Magazinfunktion, -en"
"желудок";"der Magen, -"
"май";"der Mai, -"
"майская рыба";"der Maifisch, -e"
"Майн";"der Main, -"
"майская ренка";"die Mairenke, -n"
"кукуруза";"der Mais, -"
"кукурузное поле";"das Maisfeld, -er"
"малаку́я";"die Malermuschel, -n"
"недостаток";"der Mangel, -"
"самец";"das Männchen, -"
"объём рынка";"die Marktgröße, -n"
"рыночная стоимость";"der Marktwert, -e"
"мраморный";"marmoriert"
"март";"der März, -e"
"мера";"das Maß, -e"
"массовое развитие";"die Massenentwicklung, -en"
"массовое явление";"das Massenvorkommen, -"
"мера";"die Maßnahme, -n"
"кляча";"der Mastwurf, -e"
"материал";"das Material, -ien"
"пасть";"das Maul, -er"
"область рта";"der Maulbereich, -e"
"внутренняя сторона рта";"die Maulinnenseite, -n"
"часть рта";"die Maulpartie, -n"
"щель рта";"die Maulspalte, -n"
"кончик рта";"die Maulspitze, -n"
"мышь";"die Maus, -e"
"механический";"mechanisch"
"море";"das Meer, -e"
"морская нить";"die Meeresschnur, -e"
"морская форель";"die Meerforelle, -n"
"большинство";"die Mehrheit, -en"
"количество";"die Menge, -n"
"человек";"der Mensch, -en"
"признак";"das Merkmal, -e"
"нож";"das Messer, -"
"лезвие ножа";"die Messerklinge, -n"
"метод измерения";"die Messmethode, -n"
"измерение";"die Messung, -en"
"металл";"das Metall, -e"
"металлический лист";"das Metallblatt, -er"
"металлический блеск";"der Metallglanz, -"
"метр";"der Meter, -"
"молоко";"die Milch, -"
"молочник";"der Milchner, -"
"миллиграмм";"das Milligramm, -e"
"минимальная длина";"die Mindestlänge, -n"
"минимальный стандарт";"der Mindeststandard, -s"
"минерал";"der Mineralstoff, -e"
"норка";"der Mink, -e"
"минусовая температура";"die Minustemperatur, -en"
"иметь при себе";"mitführen"
"член";"das Mitglied, -er"
"совладелец";"der Mitpächter, -"
"середина";"die Mitte, -n"
"возможность";"die Möglichkeit, -en"
"тритон";"der Molch, -e"
"монтаж";"die Montage, -n"
"мопс";"der Mopskopf, -e"
"мотопомпа";"die Motorpumpe, -n"
"комар";"die Mücke, -n"
"канал мельницы";"der Mühlkanal, -e"
"подкаменщик";"die Mühlkoppe, -n"
"мультипликаторная катушка";"die Multirolle, -n"
"устье";"der Mündungsbereich, -e"
"вид моллюска";"die Muschelart, -en"
"личинка моллюска";"die Muschellarve, -n"
"ракушка";"die Muschel, -n"
"паразит моллюсков";"der Muschelparasit, -en"
"мышечный слой";"die Muskelschicht, -en"
"мышечное дрожание";"das Muskelzittern, -"
"мускулатура";"die Muskulatur, -en"
"соседство";"die Nachbarschaft, -en"
"ночная рыбалка";"das Nachtangeln, -"
"ночь";"die Nacht, -e"
"недостаток";"der Nachteil, -e"
"доказательство";"der Nachweis, -e"
"потомство";"die Nachzucht, -en"
"удар по шее";"der Nackenschlag, -schläge"
"близость";"die Nähe, -n"
"питательный";"der Nähr, -e"
"питательная жидкость";"die Nährflüssigkeit, -en"
"питательное вещество";"der Nährstoff, -e"
"содержание питательных веществ";"der Nährstoffgehalt, -e"
"поголовье кормовых животных";"der Nährtierbestand, -bestände"
"питание";"die Nahrung, -en"
"предложение еды";"das Nahrungsangebot, -e"
"потребление пищи";"die Nahrungsaufnahme, -n"
"основа питания";"die Nahrungsgrundlage, -n"
"пищевая цепь";"die Nahrungskette, -n"
"пищевой конкурент";"der Nahrungskonkurrent, -en"
"пищевая конкуренция";"die Nahrungskonkurrenz, -en"
"обеспечение продовольствием";"die Nahrungssicherung, -en"
"пищевой спектр";"das Nahrungsspektrum, -pektren"
"имя";"der Name, -n"
"нос";"die Nase, -n"
"носовое отверстие";"die Nasenöffnung, -en"
"мокрая рыба";"der Nassfisch, -e"
"мокрая мушка";"die Nassfliege, -n"
"мокрый шнур";"die Nassschnur, -schnüre"
"природа";"die Natur, -en"
"натуральная приманка";"der Naturköder, -"
"охрана природы";"der Naturschutz, -"
"заповедник";"das Naturschutzgebiet, -e"
"закон о защите природы";"das Naturschutzrecht, -e"
"инспектор по охране природы";"die Naturschutzwacht, -en"
"второстепенный водоём";"das Nebengewässer, -"
"елец";"der Nerfling, -e"
"гнездо";"das Nest, -er"
"постройка гнезда";"der Nestbau, -ten"
"сеть";"das Netz, -e"
"падение сети";"der Netzfall, -fälle"
"сетчатый вольер";"das Netzgehege, -"
"сетчатый мешок";"der Netzsack, -säcke"
"нейтрализация";"die Neutralisierung, -en"
"осадок";"der Niederschlag, -schläge"
"почка";"die Niere, -n"
"почечный отросток";"der Nierenfortsatz, -sätze"
"нормальное положение";"die Normallage, -n"
"нормирование";"die Normung, -en"
"чрезвычайное положение";"der Notstand, -stände"
"использование";"die Nutzung, -en"
"нимфа";"die Nymphe, -n"
"верх";"der Ober, -"
"поверхность";"die Oberfläche, -n"
"рыба поверхностного слоя";"der Oberflächenfisch, -e"
"поверхностные воды";"die Oberflächengewässer, -"
"эпидермис";"die Oberhaut, -häute"
"верхняя челюсть";"der Oberkiefer, -"
"верхняя губа";"die Oberlippe, -n"
"верхняя сторона";"die Oberseite, -n"
"ушко";"das Öhr, -en"
"ушко крючка";"der Öhrhaken, -"
"октябрь";"der Oktober, -"
"административное правонарушение";"die Ordnungswidrigkeit, -en"
"орган";"das Organ, -e"
"организм";"der Organismus, -men"
"определение местоположения";"die Ortung, -en"
"слуховой камешек";"der Otolith, -en"
"арендатор";"der Pächter, -"
"арендные отношения";"das Pachtverhältnis, -se"
"договор аренды";"der Pachtvertrag, -träge"
"срок аренды";"die Pachtzeit, -en"
"паразит";"der Parasit, -en"
"проходимость";"die Passierbarkeit, -en"
"патерностная удочка";"die Paternosterangel, -n"
"гранула";"das Pellet, -s"
"убийца";"der Killer, -"
"пергаментная бумага";"das Pergamentpapier, -e"
"жемчужная рыба";"der Perlfiisch, -e"
"личинка жемчужницы";"die Perlmuschellarve, -n"
"жемчужница";"die Perlmuschel, -n"
"человек";"die Person, -en"
"удостоверение личности";"der Personalausweis, -e"
"парик";"die Perücke, -n"
"образование париков";"die Perückenbildung, -en"
"стреловидная форма";"die Pfeilform, -en"
"стрелолист";"das Pfeilkraut, -er"
"растение";"die Pflanze, -n"
"растительность";"der Pflanzenbewuchs, -"
"травоядное животное";"der Pflanzenfresser, -"
"питательный элемент для растений";"der Pflanzennährstoff, -e"
"средство защиты растений";"das Pflanzenschutzmittel, -"
"часть растения";"der Pflanzenteil, -e"
"растительный мир";"die Pflanzenwelt, -en"
"слива";"die Pflaume, -n"
"уход";"die Pflege, -n"
"обязанность";"die Pflicht, -en"
"сошник";"das Pflugscharbein, -e"
"фосфат";"das Phosphat, -e"
"фосфор";"der Phosphor, -"
"фосфорное соединение";"die Phosphorverbindung, -en"
"фотосинтез";"die Photosynthese, -n"
"фитопланктон";"das Phytoplankton, -"
"гриб";"der Pilz, -e"
"грибковая болезнь";"die Pilzkrankheit, -en"
"пинцет";"die Pinzette, -n"
"планктон";"das Plankton, -"
"полиэтиленовый пакет";"die Plastiktüte, -n"
"камбала";"der Plattfisch, -e"
"место";"der Platz, -e"
"очки «полароид»";"die Polaroidbrille, -n"
"полиция";"die Polizei, -"
"полицейский";"der Polizeibeamte, -n"
"полицейский участок";"die Polizeidienststelle, -n"
"полиамид";"das Polyamid, -e"
"поппер";"der Popper, -"
"порция";"die Portion, -en"
"поплавок";"die Pose, -n"
"материал для поплавков";"das Posenmaterial, -"
"хищник";"der Prädator, -en"
"премия";"die Prämie, -n"
"презентация";"die Präsentation, -en"
"продукт";"das Produkt, -e"
"производительность";"die Produktivität, -"
"процесс";"der Prozess, -e"
"экзамен";"die Prüfung, -en"
"экзаменационный вопрос";"die Prüfungsfrage, -n"
"экзаменационное свидетельство";"das Prüfungszeugnis, -se"
"точка";"der Punkt, -e"
"зрачок";"die Pupille, -n"
"привéсок привратника";"der Pylorusanhänger, -"
"квалификация";"die Qualifikation, -en"
"выход источника";"der Quellaustritt, -e"
"мох, растущий у источника";"das Quellmoos, -e"
"родниковая вода";"das Quellwasser, -"
"поперечное сооружение";"das Querbauwerk, -e"
"поперечное строительство";"die Querverbauung, -en"
"горло";"der Rachen, -"
"зевник";"die Rachensperre, -n"
"рама";"der Rahmen, -"
"край";"der Rand, -er"
"маргинальная группа";"die Randgruppe, -n"
"рапаловский узел";"der Rapalaknoten, -"
"жерех";"der Rapfen, -"
"угорь-разбойник";"der Raubaal, -e"
"хищная рыба";"der Raubfisch, -e"
"рыболовный крючок для хищной рыбы";"der Raubfischhaken, -"
"реакция";"die Reaktion, -en"
"состояние реакции";"der Reaktionszustand, -stände"
"счёт";"die Rechnung, -en"
"право";"das Recht, -e"
"правовое постановление";"die Rechtsverordnung, -en"
"правовое предписание";"die Rechtsvorschrift, -en"
"правило";"die Regel, -n"
"регулирование";"die Regelung, -en"
"дождь";"der Regen, -"
"радужная форель";"die Regenbogenforelle, -n"
"дождевик";"der Regenmantel, -mäntel"
"отвод дождевой воды";"die Regenwassereinleitung, -en"
"дождливая погода";"das Regenwetter, -"
"правительство";"die Regierung, -en"
"регион";"die Region, -en"
"трение";"die Reibung, -en"
"сопротивление трению";"der Reibungswiderstand, -stände"
"ряд";"die Reihe, -n"
"цапля";"der Reiher, -"
"колония цапель";"die Reiherkolonie, -n"
"закидушка";"die Reißangel, -n"
"сопротивление на разрыв";"die Reißfestigkeit, -en"
"искусственная приманка";"der Reizköder, -"
"восстановление естественного состояния";"die Renaturierung, -en"
"сиг";"die Renke, -n"
"относящийся к сигам";"der Renkenartig, -"
"озеро, богатое сигами";"der Renkensee, -n"
"способность к размножению";"die Reproduktionsfähigkeit, -en"
"резерв";"die Reserve, -n"
"морская ловушка";"die Reuse, -n"
"лов рыбы морскими ловушками";"die Reusenfischerei, -en"
"Рейн";"der Rhein, -"
"изменение направления";"die Richtungsänderung, -en"
"обонятельная ямка";"die Riechgrube, -n"
"ленточный червь";"der Riemenwurm, -würmer"
"кольцо";"der Ring, -e"
"обыкновенный уж";"die Ringelnatter, -n"
"жёлоб";"die Rinne, -n"
"ручей";"das Rinnsal, -e"
"ребро";"die Rippe, -n"
"рёберная дуга";"der Rippenbogen, -"
"ряд рёбер";"die Rippenreihe, -n"
"икра";"der Rogen, -"
"самка рыбы с икрой";"der Rogner, -"
"тростник";"das Rohr, -e"
"рогоз";"der Rohrkolben, -"
"камышовка";"der Rohrsänger, -"
"роль";"die Rolle, -n"
"крепление катушки";"die Rollenbefestigung, -en"
"ножка катушки";"der Rollenfuß, -füße"
"катушкодержатель";"der Rollenhalter, -"
"держатель катушки";"die Rollenhalterung, -en"
"тип катушки";"der Rollentyp, -en"
"покраснение";"die Rotfärbung, -en"
"краснопёрка";"die Rotfeder, -n"
"маршрут";"die Route, -n"
"рывок";"der Ruck, -e"
"спина";"der Rücken, -"
"спинной плавник";"die Rückenflosse, -n"
"край спинного плавника";"der Rückenflossenrand, -änder"
"спинной мозг";"das Rückenmark, -"
"водяной клоп";"der Rückenschwimmer, -"
"колючка на спине";"der Rückenstachel, -"
"спад";"der Rückgang, -gänge"
"поддержка";"der Rückhalt, -"
"возвращение";"die Rückkehr, -en"
"блокировка обратного хода";"die Rücklaufsperre, -n"
"отставка";"der Rücktritt, -e"
"длина туловища";"die Rumpflänge, -n"
"мускулатура туловища";"die Rumpfmuskulatur, -en"
"круглоротые";"die Rundmäuler, -"
"круглая чешуя";"die Rundschuppe, -n"
"морда; хобот; хвост";"die Rute, -n"
"тело хвоста";"der Rutenkörper, -"
"длина хвоста";"die Rutenlänge, -n"
"кончик хвоста";"die Rutenspitze, -n"
"налим";"die Rutte, -n"
"знание дела";"die Sachkenntnis, -se"
"раствор аммиака";"die Salmiaklösung, -en"
"лососевые";"die Salomonide, -n"
"лососевые воды";"die Salmonidengewässer, -"
"соляной раствор";"die Salzlake, -n"
"получение семени";"die Samengewinnung, -en"
"сперматозоид";"die Samenzelle, -n"
"общее понятие";"der Sammelbegriff, -e"
"разрешение на сбор";"der Sammelerlaubnisschein, -e"
"коллекция";"die Sammlung, -en"
"песок";"der Sand, -e"
"предел насыщения";"der Sättigungswert, -e"
"зарыбок";"der Satzfisch, -e"
"кислород";"der Sauerstoff, -"
"потребление кислорода";"der Sauerstoffabbau, -"
"выделение кислорода";"die Sauerstoffabgabe, -n"
"поглощение кислорода";"die Sauerstoffaufnahme, -n"
"потребность в кислороде";"der Sauerstoffbedarf, -e"
"способность связывать кислород";"das Sauerstoffbindungsvermögen, -"
"производство кислорода";"die Sauerstofferzeugung, -en"
"содержание кислорода";"der Sauerstoffgehalt, -e"
"недостаток кислорода";"der Sauerstoffmangel, -"
"снабжение кислородом";"die Sauerstoffversorgung, -en"
"распределение кислорода";"die Sauerstoffverteilung, -en"
"потребление кислорода";"die Sauerstoffzehrung, -en"
"млекопитающее";"das Säugetier, -e"
"способность связывать кислоту";"das Säurebindungsvermögen, -"
"кислота";"die Säure, -n"
"повреждение; ущерб";"der Schaden, -"
"предотвращение ущерба";"die Schadensabwehr, -"
"возмещение ущерба";"der Schadensersatz, -"
"повреждение";"die Schädigung, -en"
"вредитель";"der Schädling, -e"
"вредное вещество";"der Schadstoff, -e"
"раковина; скорлупа";"die Schale, -n"
"острота";"die Schärfe, -n"
"тень";"der Schatten, -"
"зрители";"die Schaulustige, -n"
"бедро";"der Schenkel, -"
"ножницы";"die Schere, -n"
"полёвка-водяная крыса";"die Schermaus, -e"
"разница";"der Schied, -e"
"черепаха";"die Schildkröte, -n"
"тростник";"das Schilf, -"
"заросли тростника";"der Schilfbestand, -e"
"камышовка-барсучок";"der Schilfrohrsänger, -"
"боевой нож";"das Schlachtmesser, -"
"убой";"die Schlachtung, -en"
"удар";"der Schlag, -e"
"дубина";"das Schlagholz, -er"
"грязь";"der Schlamm, -"
"щиповка";"der Schlammpeitzger, -"
"трубочник обыкновенный";"der Schlammröhrenwurm, -er"
"змея";"die Schlange, -n"
"петля";"der Schlaufenknoten, -"
"соединительный узел петли";"der Schlaufenverbindungsknoten, -"
"ненастная погода";"die Schlechtwetterlage, -n"
"слизь";"der Schleim, -"
"разрастание слизистой оболочки";"die Schleimhautwucherung, -en"
"слой слизи";"die Schleimschicht, -en"
"рыбная ловля на блесну";"die Schleppangelfischerei, -en"
"троллинг";"das Schleppangeln, -"
"троллинг";"das Schleppfischen, -"
"петля";"die Schlinge, -n"
"глотка";"der Schlund, -e"
"область глотки";"der Schlundbereich, -e"
"глоточный зуб";"der Schlundknochen, -"
"глоточный зуб";"der Schlundzahn, -e"
"лаз";"der Schlupf, -e"
"паразит";"der Schmarotzer, -"
"чешуйка эмали";"die Schmelzschuppe, -n"
"голец";"die Schmerle, -n"
"вьюнообразный";"schmerlenartig"
"боль";"der Schmerz, -en"
"грязь";"der Schmutz, -"
"морда";"die Schnauze, -n"
"кончик морды";"die Schnauzenspitze, -n"
"улитка";"die Schnecke, -n"
"снежные заносы";"das Schneetreiben, -"
"просека";"die Schneise, -n"
"скорость";"die Schnelligkeit, -"
"разрез";"der Schnitt, -e"
"отдача шнура";"der Schnurablauf, -"
"тормоз шнура";"die Schnurbremse, -n"
"диаметр шнура";"der Schnurdurchmesser, -"
"шнур";"die Schnur, -e"
"конец шнура";"das Schnurende, -"
"дужка лесоукладывателя";"der Schnurfangbügel, -"
"направление шнура";"die Schnurführung, -en"
"кольцо для направления шнура";"der Schnurführungsring, -e"
"подача шнура";"das Schnurgeben, -"
"узел на шнуре";"der Schnurknoten, -"
"длина шнура";"die Schnurlänge, -n"
"трещина на шнуре";"der Schnurriss, -e"
"толщина шнура";"die Schnurstärke, -n"
"барабан шнура";"die Schnurtrommel, -n"
"тип шнура";"der Schnurtyp, -en"
"выбор шнура";"die Schnurwahl, -"
"определение охранных мер";"die Schonbestimmung, -en"
"заповедник";"der Schonbezirk, -e"
"крючок без зазубрина";"der Schonhaken, -"
"промысловая мера";"das Schonmaß, -e"
"период охраны";"die Schonzeit, -en"
"пескарь-ёрш";"der Schrätzer, -"
"ходильная нога";"das Schreitbein, -e"
"письменная форма";"die Schriftform, -en"
"чешуя";"die Schuppe, -n"
"край чешуи";"die Schuppenkante, -n"
"карп чешуйчатый";"der Schuppenkarpfen, -"
"чешуя";"das Schuppenkleid, -er"
"чешуйница";"die Schuppentasche, -n"
"огнестрельное оружие";"die Schusswaffe, -n"
"защитный чехол";"die Schutzhülse, -n"
"защитный механизм";"der Schutzmechanismus, -"
"защитный слой";"die Schutzschicht, -en"
"защитное устройство";"die Schutzvorrichtung, -en"
"колебание";"die Schwankung, -en"
"хвост";"der Schwanz, -e"
"хвостовая часть";"der Schwanzbereich, -e"
"щетинка на хвосте";"die Schwanzborste, -n"
"хвостовой плавник";"der Schwanzfächer, -"
"браконьер-рыболов";"der Schwarzanglern, -"
"чёрный окунь";"der Schwarzbarsch, -e"
"чёрный рыбак";"der Schwarzfischer, -"
"бычок-кругляк";"die Schwarzmundgrundel, -n"
"чернохвостый голец";"der Schwarzreuter, -"
"нитчатые водоросли";"die Schwebalgen, -"
"сиг-альбинос";"die Schwebrenken, -"
"взвешенные вещества";"die Schwebstoffe, -"
"прерывистый режим";"der Schwellbetrieb, -"
"тяжёлые металлы";"die Schwermetalle, -"
"плавательный пузырь";"die Schwimmblase, -n"
"воспаление плавательного пузыря";"die Schwimmblasenentzündung, -en"
"проток плавательного пузыря";"der Schwimmblasengang, -e"
"растения с плавающими листьями";"die Schwimmblattpflanzen, -"
"популяция растений с плавающими листьями";"der Schwimmblattpflanzenbestand, -"
"плавание";"das Schwimmen, -"
"умение плавать";"die Schwimmfähigkeit, -en"
"гашение колебаний";"die Schwungdämpfung, -en"
"седан";"der Sedan, -e"
"озеро";"der See, -n"
"озёрная форель";"die Seeforelle, -n"
"озёрная плотва";"die Seelaube, -n"
"тип озера";"der Seentyp, -en"
"кувшинка";"die Seerose, -n"
"ручейник";"der Seerüßling, -e"
"альпийский голец";"der Seesaibling, -e"
"осока";"die Seggen, -"
"сегменты";"die Segmenten, -"
"самоочищение";"die Selbstreinigung, -"
"способность к самоочищению";"die Selbstreinigungskraft, -"
"ставные сети";"die Senknetze, -"
"садок для рыбы";"der Setzkescher, -"
"свобода от болезней";"die Seuchenfreiheit, -"
"обеспечение безопасности";"die Sicherung, -en"
"сиг";"der Sichling, -e"
"видимость";"die Sicht, -"
"глубина видимости";"die Sichttiefe, -n"
"сигнальный рак";"der Signalkrebs, -e"
"жидкость из силосных ям";"der Silagesickersaft, -"
"содержание силикатов";"der Silikatgehalt, -"
"ситник";"die Simsen, -"
"смысл";"der Sinn, -e"
"чувства";"die Sinne, -"
"восприятие органами чувств";"die Sinneswahrnehmung, -en"
"место";"der Sitz, -e"
"дно";"die Sohle, -n"
"укрепление дна";"die Sohlpflasterung, -en"
"лето";"der Sommer, -"
"летнее икрометание";"das Sommerlaichern, -"
"летние ночи";"die Sommernächte, -"
"летняя стагнация";"die Sommerstagnation, -"
"летние температуры";"die Sommertemperaturen, -"
"солнечный окунь";"der Sonnenbarsch, -e"
"солнечное излучение";"die Sonnenbestrahlung, -en"
"солнечное излучение";"die Sonneneinstrahlung, -en"
"солнечный свет";"das Sonnenlicht, -"
"солнечный свет";"der Sonnenschein, -"
"беспокойство";"die Sorge, -n"
"сортировка";"die Sortierung, -en"
"напряжение";"die Spannung, -en"
"позднее последствие";"die Spätfolge, -n"
"полоска бекона";"der Speckstreifen, -"
"съедобная рыба";"der Speisefisch, -e"
"размер съедобной рыбы";"die Speisefischgröße, -n"
"съедобные раки";"die Speisekrebse, -"
"специальный сачок";"der Spezialkescher, -"
"специальная катушка";"die Spezialrolle, -n"
"зеркальный карп";"der Spiegelkarpfen, -"
"веретено";"die Spindel, -n"
"спиннинговая удочка";"die Spinnangel, -n"
"блесна";"der Spinner, -"
"лепесток блесны";"das Spinnerblättchen, -"
"спиннинговая ловля";"das Spinnfischen, -"
"спиннинговая рыбалка";"die Spinnfischerei, -en"
"спиннинговая приманка";"der Spinnköder, -"
"спиннинговое удилище";"die Spinnrute, -n"
"кончик";"die Spitze, -n"
"раздвигать";"das Spreizen, -"
"взрывчатые вещества";"die Sprengstoffe, -"
"прыгун";"der Springer, -"
"трамплин";"das Sprungbrett, -"
"слой скачка";"die Sprungschicht, -en"
"катушка";"die Spule, -n"
"узел оси катушки";"der Spulenachsenknoten, -"
"сердечник катушки";"der Spulenkern, -"
"шпунтовые стенки";"die Spundwänden, -"
"государство";"der Staat, -en"
"гражданство";"die Staatsangehörigkeit, -en"
"шип";"der Stachel, -n"
"колючие лучи";"die Stachelstrahlen, -"
"стадия";"das Stadium, Stadien"
"стальной поводок";"das Stahlvorfach, -"
"вариант местоположения";"die Standortvariante, -n"
"места стоянки";"die Standplätze, -"
"стебель";"der Stängel, -"
"сила";"die Stärke, -n"
"ливень";"der Starkregen, -"
"стационарная катушка";"die Stationärrolle, -n"
"затор";"der Stau, -e"
"фазы застоя";"die Stauphasen, -"
"водохранилище";"der Stausee, -n"
"ступени водохранилища";"die Stau stufen, -"
"водосливные плотины";"die Stauwehre, -"
"вставное удилище";"die Steckrute, -n"
"крутые берега";"die Steilufern, -"
"камень";"der Stein, -e"
"голец";"der Steinbeißer, -"
"личинка веснянки";"die Steinfliegenlarve, -n"
"ручьевая форель";"die Steinforellen, -"
"обыкновенный подкаменщик";"der Steingressling, -"
"каменный рак";"der Steinkrebs, -"
"место";"die Stelle, -n"
"ловля сетями";"die Stellnetzfischerei, -en"
"положение";"die Stellung, -en"
"стерлядь";"der Sterlet, -e"
"укус";"der Stich, -e"
"колюшка";"der Stichling, -e"
"азот";"der Stickstoff, -"
"нахлыстовые мушки для стоячей воды";"die Stillgewässerfliegen, -"
"корюшка";"der Stint, -e"
"поплавочная удочка";"die Stippangeln, -"
"поплавочная ловля";"das Stippfischen, -"
"налобный фонарь";"die Stirnlampe, -n"
"кряква";"die Stockente, -n"
"вещества";"die Stoffe, -"
"обмен веществ";"der Stoffwechsel, -"
"конечный продукт обмена веществ";"das Stoffwechselendprodukt, -e"
"проблема метаболизма";"die Stoffwechselprobleme, -"
"ограничительный узел";"der Stopperknoten, -"
"колюшка";"der Stör, e"
"Уголовный кодекс";"das Strafgesetzbuch, ..bücher"
"преступление";"die Straftat, en"
"луч";"der Strahl, en"
"Правила дорожного движения";"die Straßenverkehrsordnung, -"
"стример";"der Streamer, -"
"зубрилка";"der Streber, -"
"участок";"die Strecke, n"
"полоса";"der Streifen, -"
"стресс";"der Stress, -"
"бродяга";"der Strömer, -"
"течение";"die Strömung, en"
"скорость потока";"die Strömungsgeschwindigkeit, -"
"вихревые движения";"die Strudelbewegungen, -"
"структурная бедность";"die Strukturarmut, -"
"структурные элементы";"die Strukturelemente, -"
"улучшение структуры";"die Strukturverbesserung, en"
"структурное разнообразие";"die Strukturvielfalt, -"
"количество штук";"die Stückzahl, en"
"пикирование";"der Sturzflug, ..flüge"
"кобыла";"die Stute, n"
"поисковое устройство";"das Suchgerät, e"
"нутрия";"der Sumpfbiber, -"
"болотный рак";"der Sumpfkrebs, e"
"болотная черепаха";"die Sumpfschildkröte, n"
"пресная вода";"das Süßwasser, -"
"виды пресноводных рыб";"die Süßwasserfischarten, -"
"пресноводные рыбы";"die Süßwasserfische, -"
"симптомы";"die Symptome, -"
"система";"das System, e"
"день";"der Tag, e"
"максимальный улов за день";"der Tageshöchstfang, ..fänge"
"дневной свет";"das Tageslicht, -"
"камуфляж";"die Tarnfärbung, en"
"фонарик";"die Taschenlampe, n"
"органы чувств";"die Tastorgane, -"
"состав преступления";"der Tatbestand, ..stände"
"деятельность";"die Tätigkeit, en"
"факты";"die Tatsachen, -"
"способность нырять";"die Tauchfähigkeit, -"
"погружная лопата";"die Tauchschaufel, n"
"шатающийся блесна";"der Taumelköder, -"
"тысячелистник";"das Tausendblatt, ..blätter"
"дождевой червь";"der Tauwurm, ..würmer"
"технологии";"die Technologien, -"
"пруд";"der Teich, e"
"пруд";"die Teichdämmen, -"
"прудовая ракушка";"die Teichmuschel, n"
"запасы прудовых мидий";"die Teichmuschelbestände, -"
"кувшинка";"die Teichrose, n"
"прудовая вода";"das Teichwasser, -"
"тесто";"der Teig, e"
"тестовая приманка";"der Teigköder, -"
"часть";"der Teil, e"
"частичный выход";"der Teilaustritt, e"
"количество участников";"die Teilnehmerzahl, en"
"разделение";"die Teilung, en"
"телескопический сачок";"der Teleskopkescher, -"
"телескопическое удилище";"die Teleskoprute, n"
"температура";"die Temperatur, en"
"выравнивание температуры";"der Temperaturausgleich, e"
"температуры";"die Temperaturen, -"
"повышение температуры";"die Temperaturerhöhung, en"
"измерения температуры";"die Temperaturmessungen, -"
"температурное расслоение";"die Temperaturschichtung, en"
"текстильный материал";"das Textilmaterial, -ien"
"тимьян";"der Thymian, -e"
"глубина";"die Tiefe, -n"
"диапазон глубины";"der Tiefenbereich, -e"
"ведение глубины";"die Tiefenführung, -en"
"регион глубины";"die Tiefenregion, -en"
"слой глубины";"die Tiefenschicht, -en"
"глубинная вода";"das Tiefenwasser, -"
"зона глубины";"die Tiefenzone, -n"
"животное";"das Tier, -e"
"вид животных";"die Tierart, -en"
"виды животных";"die Tierarten"
"животные";"die Tiere"
"кормление животных";"die Tierernährung, -en"
"группа животных";"die Tiergruppe, -n"
"закон о защите животных";"das Tierschutzgesetz, -e"
"животный мир";"die Tierwelt, -en"
"тигровая рыба";"der Tigerfisch, -e"
"тигровая форель";"die Tigerforelle, -n"
"тон";"der Ton, -e"
"тона";"die Töne"
"тонкинская трость";"das Tonkinrohr, -e"
"форма торпеды";"die Torpedoform, -en"
"мёртвая древесина";"das Totholz, -"
"грузоподъёмность";"die Tragfähigkeit, -en"
"несущая способность";"die Tragkraft, -e"
"поить";"tränken"
"транспорт";"der Transport, -e"
"транспортный сосуд";"das Transportgefäß, -e"
"транспортная вода";"das Transportwasser, -"
"движущая сила";"die Triebkraft, -e"
"питьевая вода";"das Trinkwasser, -"
"сухая мушка";"die Trockenfliege, -n"
"сухой шнур";"die Trockenschnur, -e"
"барабаны";"die Trommeln"
"зависимость от барабанов";"die Trommelsucht, -"
"муть";"die Trübstoffen"
"налим";"die Trüsche, -n"
"ткань";"das Tuch, -er"
"пятно";"der Tupfen, -"
"турбина";"die Turbine, -n"
"турбины";"die Turbinen"
"вход турбины";"der Turbineneinlass, -e"
"турецкий узел";"der Turleknoten, -"
"блесна";"der Twister, -"
"избыток";"der Überbestand, -e"
"наводнение";"die Überflutung, -en"
"переходная область";"der Übergangsbereich, -e"
"шанс на выживание";"die Überlebenschance, -n"
"уровень выживаемости";"die Überlebensrate, -n"
"поглощение";"die Übernahme, -n"
"перевод";"die Übersetzung, -en"
"надводные растения";"die Überwasserpflanzen"
"берег";"das Ufer, -"
"береговые сооружения";"die Uferanlagen"
"спрямление берега";"die Uferbegradigung, -en"
"береговой район";"der Uferbereich, -e"
"состояние берега";"die Uferbeschaffenheit, -en"
"право на вход на берег";"das Uferbetretungsrecht, -e"
"блоки берега";"die Uferblocksteine, -"
"прибрежные древесные растения";"die Ufergehölzen, -"
"прибрежный участок";"das Ufergrundstück, -e"
"длина берега";"die Uferlänge, -n"
"прибрежные растения";"die Uferpflanzen, -"
"полоса защиты берега";"der Uferschutzstreifen, -"
"сторона берега";"die Uferseite, -n"
"береговая зона";"die Uferzone, -n"
"уклейка";"die Ukelei, -"
"объём";"der Umfang, -e"
"обращение";"der Umgang, -e"
"обходной канал";"der Umgehungsgerinne, -"
"окрестности";"das Umland, -"
"реализация";"die Umsetzung, -en"
"обстоятельства";"die Umständen, -"
"переворот";"die Umwälzung, -en"
"жерлянки";"die Unken, -"
"подсачек для ловли на дне";"der Unterfangkescher, -"
"основание";"der Untergrund, -e"
"нижняя челюсть";"der Unterkiefer, -"
"документ";"die Unterlage, -n"
"нижестоящий";"der Unterlieger, -"
"нижняя губа";"die Unterlippe, -n"
"отличительный признак";"das Unterscheidungsmerkmal, -e"
"присвоение чужого имущества";"die Unterschlagung, -en"
"убежище";"der Unterschlupf, -e"
"нижняя сторона";"die Unterseite, -n"
"навес";"der Unterstand, -e"
"исследовательский центр";"die Untersuchungsstelle, -n"
"цели исследования";"die Untersuchungszwecken, -"
"субаренда";"die Unterverpachtung, -en"
"под водой";"das Unterwasser, -"
"подводные растения";"die Unterwasserpflanzen, -"
"монтаж подводного поплавка";"die Unterwasserposenmonta, -"
"первоначальная форма";"die Urform, -en"
"причина";"die Ursache, -n"
"вариант";"die Variante, -n"
"изменение";"die Veränderung, -en"
"мероприятия";"die Veranstaltungen, -"
"обнищание";"die Verarmung, -en"
"улучшение";"die Verbesserung, -en"
"обязательства";"die Verbindlichkeiten, -"
"связь";"die Verbindung, -en"
"распространение";"die Verbreitung, -en"
"область распространения";"das Verbreitungsgebiet, -e"
"подозрение";"der Verdacht, -e"
"пищеварительный тракт";"der Verdauungstrakt, -"
"искажение";"das Verdrehen, -"
"испарение";"die Verdunstung, -en"
"члены клуба";"die Vereinsmitglieder, -"
"председатель клуба";"die Vereinsvorsitzenden, -"
"распоряжение";"die Verfügung, -en"
"проступок";"das Vergehen, -"
"отравления";"die Vergiftungen, -"
"сравнение";"der Vergleich, -e"
"соотношение";"das Verhältnis, -se"
"дорожный знак";"das Verkehrszeichen, -"
"зарастание сорняками";"die Verkrautung, -en"
"заболачивание";"die Verlandung, -en"
"ход";"der Verlauf, -e"
"ранение";"die Verletzung, -en"
"опасность травмирования";"die Verletzungsgefahr, -en"
"потеря";"der Verlust, -e"
"размножение";"die Vermehrung, -en"
"скорость размножения";"die Vermehrungsrate, -n"
"предотвращение";"die Vermeidung, -en"
"распоряжение";"die Verordnung, -en"
"арендодатель";"der Verpächter, -"
"аренда";"die Verpachtung, -en"
"обязательство";"die Verpflichtung, -en"
"грибковое заболевание";"die Verpilzung, -en"
"сокращение";"die Verringerung, -en"
"связь";"die Verständigung, -en"
"углубления";"die Vertiefungen, -"
"вертикальная рыбалка";"das Vertikalangeln, -"
"заключение договора";"der Vertragsabschluss, -sse"
"административный орган";"die Verwaltungsbehörde, -n"
"продолжительность пребывания";"die Verweildauer, -n"
"использование";"die Verwendung, -en"
"выветривание";"die Verwitterung, -en"
"потребление";"der Verzehr, -"
"задержка";"der Verzug, -"
"скот";"das Vieh, -"
"вирусы";"die Viren, -"
"вирус";"der Virus, -"
"вирусная инфекция";"die Virusinfektion, -en"
"витамины";"die Vitaminen, -"
"птицы";"die Vögel, -"
"вид птиц";"die Vogelart, -en"
"птицы";"die Vögeln, -"
"заповедные районы для птиц";"die Vogelschonbezirke, -"
"полное обращение";"die Vollzirkulation, -en"
"предпосылка";"die Voraussetzung, -en"
"передний план";"der Vordergrund, -e"
"передний край";"der Vorderrand, -er"
"поводок";"das Vorfach, -ächer"
"прочность поводка";"die Vorfachstärke, -n"
"процесс";"der Vorgang, -e"
"процедура";"die Vorgehensweise, -n"
"шаблон";"die Vorlage, -n"
"устройства";"die Vorrichtungen, -"
"правила";"die Vorschriften, -"
"преимущество";"der Vorteil, -e"
"рост";"das Wachstum, -"
"кольца роста";"die Wachstumsringen, -"
"лицензия на оружие";"der Waffenscheins, -"
"выбор";"die Wahl, -en"
"вероятность";"die Wahrscheinlichkeit, -en"
"справедливость охоты";"die Waidgerechtigkeit, -"
"сом";"der Waller, -"
"популяция сома";"der Wallerbestand, -e"
"ловля сома";"das Wallern, -"
"виды мигрирующих рыб";"die Wanderfischarten, -"
"препятствия для миграции";"die Wanderhindernissen, -"
"миграция";"die Wanderung, -en"
"енот";"der Waschbär, -en"
"вода";"das Wasser, -"
"водяной дрозд";"die Wasseramsel, -n"
"скопления воды";"die Wasseransammlungen, -"
"водяной ослик";"die Wasserassel, -n"
"контакт с водой";"die Wasserberührung, -en"
"водяная кровать";"das Wasserbett, -en"
"цветение воды";"die Wasserblüte, -n"
"давление воды";"der Wasserdruck, -"
"раздражители давления воды";"die Wasserdruckreize, -"
"давление воды";"des Wasserdrucks, -"
"водяные блохи";"die Wasserflöhe, -"
"водное законодательство";"die Wassergesetze, -"
"горец земноводный";"der Wasserknöterich, -e"
"водный объект";"der Wasserkörper, -"
"гидроэнергия";"die Wasserkraft, -"
"гидроэлектростанции";"die Wasserkraftanlagen, -"
"гидроэлектростанции";"die Wasserkraftwerken, -"
"гидроэлектростанция";"des Wasserkraftwerks, -"
"водяной шар";"die Wasserkugel, -n"
"водотоки";"die Wasserläufen, -"
"водомерка";"der Wasserläufer, -"
"ряска";"die Wasserlinse, -n"
"молекулы воды";"die Wassermoleküle, -"
"поверхность воды";"die Wasseroberfläche, -n"
"водные организмы";"die Wasserorganismen, -"
"Elodea";"die Wasserpest, -"
"водное растение";"die Wasserpflanze, -n"
"водные растения";"die Wasserpflanzen, -"
"запасы водных растений";"die Wasserpflanzenbeständen, -"
"пробы воды";"die Wasserproben, -"
"качество воды";"die Wasserqualität, -"
"водное право";"das Wasserrecht, -"
"сокращение воды";"die Wasserreduzierung, -"
"водные улитки";"die Wasserschnecken, -"
"колебания воды";"die Wasserschwankungen, -"
"ирис жёлтый";"die Wasserschwertlilie, -n"
"водяная кутора";"die Wasserspitzmaus, -e"
"уровень воды";"der Wasserstand, -e"
"уровень воды";"der Wasserstandes, -"
"водород";"der Wasserstoff, -"
"поток воды";"die Wasserströmung, -en"
"температура воды";"die Wassertemperatur, -en"
"температуры воды";"die Wassertemperaturen, -"
"глубина воды";"die Wassertiefe, -n"
"отравление водой";"die Wasservergiftung, -en"
"водные птицы";"die Wasservögel, -"
"объём воды";"das Wasservolumen, -"
"водное хозяйство";"die Wasserwirtschaft, -"
"забродный костюм";"die Wathose, -n"
"изменение";"der Wechsel, -"
"путь";"der Weg, -e"
"плотина";"die Wehre, -n"
"самка";"die Weibchen, -"
"мягкая резина";"der Weichgummi, -"
"мягкая древесина";"das Weichholz, -"
"мягкий пластик";"der Weichplastik, -"
"мягкий луч";"der Weichstrahl, -"
"ивы";"die Weiden, -"
"личинки ивового листа";"die Weidenblattlarven, -"
"пруд";"der Weiher, -"
"белая рыба";"die Weißfische, -"
"белая рыбная мушка";"die Weißfischfliegen, -"
"белый аист";"der Weißstorch, -e"
"волнение";"der Wellengang, -"
"волношлифовка";"der Wellenschliff, -"
"инструмент";"das Werkzeug, -e"
"осы";"die Wespen, -"
"соревнования";"die Wettbewerben, -"
"обмотка";"die Wicklung, -en"
"зазубрина";"der Widerhaken, -"
"сопротивление";"der Widerstand, -e"
"повторное заселение";"die Wiederansiedlung, -"
"повторное заселение";"die Wiederbesiedelung, -"
"восстановление";"die Wiederherstellung, -"
"взвешивание";"das Wiegen, -"
"дикий";"das Wild, -"
"дикий карп";"der Wildkarpfen, -"
"дикие животные";"die Wildtiere, -"
"ветер";"der Wind, -e"
"витки";"die Windungen, -"
"зима";"der Winter, -"
"зимний лагерь";"das Winterlager, -"
"зимние нерестилища";"die Winterlaichern, -"
"зимний покой";"die Winterruhe, -"
"вихрь";"der Wirbel, -"
"позвонок";"der Wirbelkörper, -"
"позвоночник";"die Wirbelsäule, -n"
"позвоночное животное";"der Wirbeltier, -e"
"хозяева";"die Wirten, -"
"рыба-хозяин";"die Wirtsfische, -"
"блесна́";"der Wobbler, -"
"неде́ля";"die Woche, -n"
"поче́му";"wodurch"
"для чего́";"wofür"
"проти́в чего́";"wogegen"
"отку́да";"woher"
"Войтцик";"der Woitzik, -"
"по́сле чего́";"wonach"
"на чём";"woran"
"на что";"worauf"
"в чём";"worin"
"о чём";"worum"
"от чего́";"wovon"
"для чего́";"wozu"
"ра́на";"die Wunde, -n"
"жела́ние";"der Wunsch, -e"
"бросо́к";"der Wurf, -e"
"броско́вые движе́ния";"die Wurfbewegungen, -"
"вес заброса";"das Wurfgewicht, -e"
"червь";"der Wurm, -er"
"зараже́ние глиста́ми";"der Wurmbefall, -"
"ловля на червя";"das Wurmfischen, -"
"крючо́к для ловли на червя";"der Wurmhaken, -"
"ко́рень";"die Wurzel, -n"
"число́";"die Zahl, -en"
"зу́бы";"die Zähne, -"
"са́зан-подка́менщик";"die Zährte, -n"
"чертёж";"die Zeichnung, -en"
"вре́мя";"die Zeit, -en"
"интерва́лы вре́мени";"die Zeitabständen, -"
"продолжительность";"die Zeitdauer, -"
"пери́од";"der Zeitraum, -:e"
"цеме́нт";"der Zement, -e"
"свиде́тельство";"das Zeugnis, -se"
"обыкновенный щипец";"der Zingel, -"
"со́боль";"der Zobel, -"
"зо́на";"die Zonen, -"
"зоопланкто́н";"der Zooplankton, -"
"лещ-подкаменщик";"die Zope, -n"
"приготовле́ние";"die Zubereitung, -en"
"фо́рмы приготовле́ния";"die Zubereitungsformen, -"
"поро́да";"die Zuchtrasse, -n"
"личи́нка комара́-звонца";"die Zuckmückenlarve, -n"
"ход";"der Zug, -:e"
"доба́вка";"die Zugabe, -n"
"до́ступ";"der Zugang, -:e"
"пути́ досту́па";"die Zugangswege, -"
"испыта́ние на растяже́ние";"die Zugprobe, -n"
"язы́к";"die Zunge, -n"
"спры́гивание";"das Zurückspringen, -"
"составле́ние";"die Zusammenstellung, -en"
"сокращение";"das Zusammenziehen, -"
"состоя́ние";"der Zustand, -:e"
"согласие";"die Zustimmung, -en"
"прирост";"der Zuwachs, -"
"цель";"der Zweck, -e"
"карликовая форма";"die Zwergform, -en"
"трёхиглый колю́шка";"der Zwergstichling, -e"
"карликовый сом";"der Zwergwels, -e"
"двойной крючок";"der Zwillingshaken, -"
"межмышечные кости";"die Zwischenmuskelgräten, -"
"промежутки";"die Zwischenräume, -"
